id,title,description,availability,condition,price,sale_price,link,image_link,brand,product_type,google_product_category
AG-001,Argollas Cristal Amarillo,"Argollas Cristal Amarillo de Karivé Joyas. Aros artesanales hechos a mano en Chile, en acero quirúrgico. Medida Aprox. 4cm de Ancho y 3cm de Largo. Colección Argollas de cristal. Código AG-001.",in stock,new,9990 CLP,,https://karivejoyas.github.io/catalogo/?p=AG-001,https://karivejoyas.github.io/catalogo/assets/productos/argollas-amarillo.jpg,Karivé Joyas,Argollas de cristal,Apparel & Accessories > Jewelry > Earrings
AG-002,Argollas Luna Azul,"Argollas Luna Azul de Karivé Joyas. Aros artesanales hechos a mano en Chile, en acero quirúrgico. Medida Aprox. 4cm de Ancho y 3.5cm de Largo. Colección Argollas de cristal. Código AG-002.",in stock,new,9990 CLP,,https://karivejoyas.github.io/catalogo/?p=AG-002,https://karivejoyas.github.io/catalogo/assets/productos/argollas-azul-rey.jpg,Karivé Joyas,Argollas de cristal,Apparel & Accessories > Jewelry > Earrings
AG-003,Argollas Cristal Verde Olivo,"Argollas Cristal Verde Olivo de Karivé Joyas. Aros artesanales hechos a mano en Chile, en acero quirúrgico. Medida Aprox. 3cm de Ancho y 3cm de Largo. Colección Argollas de cristal. Código AG-003.",in stock,new,6990 CLP,,https://karivejoyas.github.io/catalogo/?p=AG-003,https://karivejoyas.github.io/catalogo/assets/productos/argollas-verde-oliva.jpg,Karivé Joyas,Argollas de cristal,Apparel & Accessories > Jewelry > Earrings
AG-004,Argollas Cristal Rojo,"Argollas Cristal Rojo de Karivé Joyas. Aros artesanales hechos a mano en Chile, en acero quirúrgico. Medida Aprox. 4cm. Colección Argollas de cristal. Código AG-004.",in stock,new,7990 CLP,,https://karivejoyas.github.io/catalogo/?p=AG-004,https://karivejoyas.github.io/catalogo/assets/productos/argollas-rojo.jpg,Karivé Joyas,Argollas de cristal,Apparel & Accessories > Jewelry > Earrings
AG-005,Argollas Cristal Rojo Intenso,"Argollas Cristal Rojo Intenso de Karivé Joyas. Aros artesanales hechos a mano en Chile, en acero quirúrgico. Medida Aprox. 3.5cm. Colección Argollas de cristal. Código AG-005.",in stock,new,6990 CLP,,https://karivejoyas.github.io/catalogo/?p=AG-005,https://karivejoyas.github.io/catalogo/assets/productos/argollas-rojo2.jpg,Karivé Joyas,Argollas de cristal,Apparel & Accessories > Jewelry > Earrings
AG-006,Argollas Luna Turquesa,"Argollas Luna Turquesa de Karivé Joyas. Aros artesanales hechos a mano en Chile, en acero quirúrgico. Medida Aprox. 4cm de Ancho y 3.5cm de Largo. Colección Argollas de cristal. Código AG-006.",in stock,new,9990 CLP,,https://karivejoyas.github.io/catalogo/?p=AG-006,https://karivejoyas.github.io/catalogo/assets/productos/argollas-turquesa2.jpg,Karivé Joyas,Argollas de cristal,Apparel & Accessories > Jewelry > Earrings
AG-007,Argollas Luna Lila,"Argollas Luna Lila de Karivé Joyas. Aros artesanales hechos a mano en Chile, en acero quirúrgico. Medida Aprox. 4cm de Ancho y 3.5cm de Largo. Colección Argollas de cristal. Código AG-007.",in stock,new,9990 CLP,,https://karivejoyas.github.io/catalogo/?p=AG-007,https://karivejoyas.github.io/catalogo/assets/productos/argollas-lila.jpg,Karivé Joyas,Argollas de cristal,Apparel & Accessories > Jewelry > Earrings
AG-008,Argollas Luna Negra,"Argollas Luna Negra de Karivé Joyas. Aros artesanales hechos a mano en Chile, en acero quirúrgico. Medida Aprox. 4cm de Ancho y 3.5cm de Largo. Colección Argollas de cristal. Código AG-008.",in stock,new,9990 CLP,,https://karivejoyas.github.io/catalogo/?p=AG-008,https://karivejoyas.github.io/catalogo/assets/productos/argollas-negro.jpg,Karivé Joyas,Argollas de cristal,Apparel & Accessories > Jewelry > Earrings
AG-009,Argollas Cristal Multicolor,"Argollas Cristal Multicolor de Karivé Joyas. Aros artesanales hechos a mano en Chile, en acero quirúrgico. Medida Aprox. 3.5cm. Colección Argollas de cristal. Código AG-009.",in stock,new,6990 CLP,,https://karivejoyas.github.io/catalogo/?p=AG-009,https://karivejoyas.github.io/catalogo/assets/productos/argollas-multicolor.jpg,Karivé Joyas,Argollas de cristal,Apparel & Accessories > Jewelry > Earrings
AG-010,Argollas Cristal Transparente,"Argollas Cristal Transparente de Karivé Joyas. Aros artesanales hechos a mano en Chile, en acero quirúrgico. Medida Aprox. 3.5cm. Colección Argollas de cristal. Código AG-010.",in stock,new,6990 CLP,,https://karivejoyas.github.io/catalogo/?p=AG-010,https://karivejoyas.github.io/catalogo/assets/productos/argollas-transparente.jpg,Karivé Joyas,Argollas de cristal,Apparel & Accessories > Jewelry > Earrings
AG-011,Argollas Mostacillas,"Argollas Mostacillas de Karivé Joyas. Aros artesanales hechos a mano en Chile, en acero quirúrgico. Medida Aprox. 4cm. Colección Argollas de cristal. Código AG-011.",in stock,new,8990 CLP,,https://karivejoyas.github.io/catalogo/?p=AG-011,https://karivejoyas.github.io/catalogo/assets/productos/argollas-pave.jpg,Karivé Joyas,Argollas de cristal,Apparel & Accessories > Jewelry > Earrings
AG-012,Argollas Cristal Turquesa,"Argollas Cristal Turquesa de Karivé Joyas. Aros artesanales hechos a mano en Chile, en acero quirúrgico. Medida Aprox. 3cm. Colección Argollas de cristal. Código AG-012.",out of stock,new,6990 CLP,,https://karivejoyas.github.io/catalogo/?p=AG-012,https://karivejoyas.github.io/catalogo/assets/productos/AG-012.jpg,Karivé Joyas,Argollas de cristal,Apparel & Accessories > Jewelry > Earrings
AG-013,Argollas Abanico Negro,"Argollas Abanico Negro de Karivé Joyas. Aros artesanales hechos a mano en Chile, en acero quirúrgico. Medida Aprox. 7cm. Colección Argollas de cristal. Código AG-013.",in stock,new,12990 CLP,,https://karivejoyas.github.io/catalogo/?p=AG-013,https://karivejoyas.github.io/catalogo/assets/productos/argollas-negro-abanico.jpg,Karivé Joyas,Argollas de cristal,Apparel & Accessories > Jewelry > Earrings
AG-014,Argolla Cristal Aurora Azul,"Argolla Cristal Aurora Azul de Karivé Joyas. Aros artesanales hechos a mano en Chile, en acero quirúrgico. Medida Aprox. 3cm. Colección Argollas de cristal. Código AG-014.",out of stock,new,8990 CLP,,https://karivejoyas.github.io/catalogo/?p=AG-014,https://karivejoyas.github.io/catalogo/assets/productos/AG-014.jpg,Karivé Joyas,Argollas de cristal,Apparel & Accessories > Jewelry > Earrings
AG-015,Argollas Mandala Dorado,"Argollas Mandala Dorado de Karivé Joyas. Aros artesanales hechos a mano en Chile, en acero quirúrgico. Medida Tejido a mano · dorado. Colección Argollas de cristal. Código AG-015.",in stock,new,12990 CLP,,https://karivejoyas.github.io/catalogo/?p=AG-015,https://karivejoyas.github.io/catalogo/assets/productos/argollas-mandala-dorado.jpg,Karivé Joyas,Argollas de cristal,Apparel & Accessories > Jewelry > Earrings
AG-016,Argolla Cristal Aurora Blanco,"Argolla Cristal Aurora Blanco de Karivé Joyas. Aros artesanales hechos a mano en Chile, en acero quirúrgico. Medida Aprox. 3cm. Colección Argollas de cristal. Código AG-016.",out of stock,new,8990 CLP,,https://karivejoyas.github.io/catalogo/?p=AG-016,https://karivejoyas.github.io/catalogo/assets/productos/AG-016.jpg,Karivé Joyas,Argollas de cristal,Apparel & Accessories > Jewelry > Earrings
AG-017,Argolla Cristal Aurora Dorado,"Argolla Cristal Aurora Dorado de Karivé Joyas. Aros artesanales hechos a mano en Chile, en acero quirúrgico. Medida Aprox. 3cm. Colección Argollas de cristal. Código AG-017.",out of stock,new,8990 CLP,,https://karivejoyas.github.io/catalogo/?p=AG-017,https://karivejoyas.github.io/catalogo/assets/productos/AG-017.jpg,Karivé Joyas,Argollas de cristal,Apparel & Accessories > Jewelry > Earrings
AG-018,Argolla Cristal Aurora Rosa,"Argolla Cristal Aurora Rosa de Karivé Joyas. Aros artesanales hechos a mano en Chile, en acero quirúrgico. Medida Aprox. 3cm. Colección Argollas de cristal. Código AG-018.",out of stock,new,8990 CLP,,https://karivejoyas.github.io/catalogo/?p=AG-018,https://karivejoyas.github.io/catalogo/assets/productos/AG-018.jpg,Karivé Joyas,Argollas de cristal,Apparel & Accessories > Jewelry > Earrings
AG-019,Argollas Cristal Rosa,"Argollas Cristal Rosa de Karivé Joyas. Aros artesanales hechos a mano en Chile, en acero quirúrgico. Medida Aprox. 3cm. Colección Argollas de cristal. Código AG-019.",out of stock,new,6990 CLP,,https://karivejoyas.github.io/catalogo/?p=AG-019,https://karivejoyas.github.io/catalogo/assets/productos/AG-019.jpg,Karivé Joyas,Argollas de cristal,Apparel & Accessories > Jewelry > Earrings
AG-020,Argollas Mandala Estrella,"Argollas Mandala Estrella de Karivé Joyas. Aros artesanales hechos a mano en Chile, en acero quirúrgico. Medida Aprox. 4cm de alto y de ancho 3cm. Colección Argollas de cristal. Código AG-020.",out of stock,new,12990 CLP,,https://karivejoyas.github.io/catalogo/?p=AG-020,https://karivejoyas.github.io/catalogo/assets/productos/AG-020.jpg,Karivé Joyas,Argollas de cristal,Apparel & Accessories > Jewelry > Earrings
AG-021,Argollas Cristal Verde,"Argollas Cristal Verde de Karivé Joyas. Aros artesanales hechos a mano en Chile, en acero quirúrgico. Medida Aprox. 2.5cm. Colección Argollas de cristal. Código AG-021.",in stock,new,4990 CLP,,https://karivejoyas.github.io/catalogo/?p=AG-021,https://karivejoyas.github.io/catalogo/assets/productos/AG-021.jpg,Karivé Joyas,Argollas de cristal,Apparel & Accessories > Jewelry > Earrings
AG-022,Argollas Cristal Naranja,"Argollas Cristal Naranja de Karivé Joyas. Aros artesanales hechos a mano en Chile, en acero quirúrgico. Medida Aprox. 3cm. Colección Argollas de cristal. Código AG-022.",in stock,new,6990 CLP,,https://karivejoyas.github.io/catalogo/?p=AG-022,https://karivejoyas.github.io/catalogo/assets/productos/AG-022.jpg,Karivé Joyas,Argollas de cristal,Apparel & Accessories > Jewelry > Earrings
AG-023,Argollas Cristal Negro,"Argollas Cristal Negro de Karivé Joyas. Aros artesanales hechos a mano en Chile, en acero quirúrgico. Medida Aprox. 2.5cm. Colección Argollas de cristal. Código AG-023.",in stock,new,4990 CLP,,https://karivejoyas.github.io/catalogo/?p=AG-023,https://karivejoyas.github.io/catalogo/assets/productos/AG-023.jpg,Karivé Joyas,Argollas de cristal,Apparel & Accessories > Jewelry > Earrings
AG-024,Argollas Cristal Celeste,"Argollas Cristal Celeste de Karivé Joyas. Aros artesanales hechos a mano en Chile, en acero quirúrgico. Medida Aprox. 2.5cm. Colección Argollas de cristal. Código AG-024.",in stock,new,4990 CLP,,https://karivejoyas.github.io/catalogo/?p=AG-024,https://karivejoyas.github.io/catalogo/assets/productos/AG-024.jpg,Karivé Joyas,Argollas de cristal,Apparel & Accessories > Jewelry > Earrings
AG-025,Argollas Cristal Jade Verde,"Argollas Cristal Jade Verde de Karivé Joyas. Aros artesanales hechos a mano en Chile, en acero quirúrgico. Medida Aprox. 3cm. Colección Argollas de cristal. Código AG-025.",in stock,new,6990 CLP,,https://karivejoyas.github.io/catalogo/?p=AG-025,https://karivejoyas.github.io/catalogo/assets/productos/AG-025.jpg,Karivé Joyas,Argollas de cristal,Apparel & Accessories > Jewelry > Earrings
AG-026,Argollas Cristal Lila,"Argollas Cristal Lila de Karivé Joyas. Aros artesanales hechos a mano en Chile, en acero quirúrgico. Medida Aprox. 3cm. Colección Argollas de cristal. Código AG-026.",in stock,new,6990 CLP,,https://karivejoyas.github.io/catalogo/?p=AG-026,https://karivejoyas.github.io/catalogo/assets/productos/AG-026.jpg,Karivé Joyas,Argollas de cristal,Apparel & Accessories > Jewelry > Earrings
AG-027,Argollas Cristal Gris Humo,"Argollas Cristal Gris Humo de Karivé Joyas. Aros artesanales hechos a mano en Chile, en acero quirúrgico. Medida Aprox. 2.5cm. Colección Argollas de cristal. Código AG-027.",in stock,new,4990 CLP,,https://karivejoyas.github.io/catalogo/?p=AG-027,https://karivejoyas.github.io/catalogo/assets/productos/AG-027.jpg,Karivé Joyas,Argollas de cristal,Apparel & Accessories > Jewelry > Earrings
AG-028,Aros Fiestas Patrias Mostacillas,"Aros Fiestas Patrias Mostacillas de Karivé Joyas. Aros artesanales hechos a mano en Chile, en acero quirúrgico. Medida Aprox. 5cm. Colección Argollas de cristal. Código AG-028.",in stock,new,8000 CLP,,https://karivejoyas.github.io/catalogo/?p=AG-028,https://karivejoyas.github.io/catalogo/assets/productos/AG-028.jpg,Karivé Joyas,Argollas de cristal,Apparel & Accessories > Jewelry > Earrings
AG-029,Aros Fiestas Patrias Cristales,"Aros Fiestas Patrias Cristales de Karivé Joyas. Aros artesanales hechos a mano en Chile, en acero quirúrgico. Medida Aprox. 3cm. Colección Argollas de cristal. Código AG-029.",in stock,new,6000 CLP,,https://karivejoyas.github.io/catalogo/?p=AG-029,https://karivejoyas.github.io/catalogo/assets/productos/AG-029.jpg,Karivé Joyas,Argollas de cristal,Apparel & Accessories > Jewelry > Earrings
CH-001,Aros Flor Plateada,"Aros Flor Plateada de Karivé Joyas. Aros artesanales hechos a mano en Chile, en acero quirúrgico. Medida Aprox. 4cm de diámetro. Colección Charms. Código CH-001.",in stock,new,6990 CLP,,https://karivejoyas.github.io/catalogo/?p=CH-001,https://karivejoyas.github.io/catalogo/assets/productos/flores-cristal.jpg,Karivé Joyas,Charms,Apparel & Accessories > Jewelry > Earrings
CH-002,Aros Charms Corazón Celeste,"Aros Charms Corazón Celeste de Karivé Joyas. Aros artesanales hechos a mano en Chile, en acero quirúrgico. Medida Aprox. 2.5cm. Colección Charms. Código CH-002.",out of stock,new,6990 CLP,,https://karivejoyas.github.io/catalogo/?p=CH-002,https://karivejoyas.github.io/catalogo/assets/productos/CH-002.jpg,Karivé Joyas,Charms,Apparel & Accessories > Jewelry > Earrings
CH-003,Aros Flor Dorada,"Aros Flor Dorada de Karivé Joyas. Aros artesanales hechos a mano en Chile, en acero quirúrgico. Medida Aprox. 3cm de diámetro. Colección Charms. Código CH-003.",in stock,new,6990 CLP,,https://karivejoyas.github.io/catalogo/?p=CH-003,https://karivejoyas.github.io/catalogo/assets/productos/flores-amarillas-mini.jpg,Karivé Joyas,Charms,Apparel & Accessories > Jewelry > Earrings
CH-004,Aros Charms Flor Celeste,"Aros Charms Flor Celeste de Karivé Joyas. Aros artesanales hechos a mano en Chile, en acero quirúrgico. Medida Aprox. 2cm. Colección Charms. Código CH-004.",out of stock,new,6990 CLP,,https://karivejoyas.github.io/catalogo/?p=CH-004,https://karivejoyas.github.io/catalogo/assets/productos/CH-004.jpg,Karivé Joyas,Charms,Apparel & Accessories > Jewelry > Earrings
CH-005,Charms Flor Celeste Dorado,"Charms Flor Celeste Dorado de Karivé Joyas. Aros artesanales hechos a mano en Chile, en acero quirúrgico. Medida Aprox. 2cm. Colección Charms. Código CH-005.",in stock,new,6990 CLP,,https://karivejoyas.github.io/catalogo/?p=CH-005,https://karivejoyas.github.io/catalogo/assets/productos/charms-flor-azul-oro.jpg,Karivé Joyas,Charms,Apparel & Accessories > Jewelry > Earrings
CH-006,Charms Flor Blanca Dorado,"Charms Flor Blanca Dorado de Karivé Joyas. Aros artesanales hechos a mano en Chile, en acero quirúrgico. Medida Argolla dorada · flor blanca. Colección Charms. Código CH-006.",in stock,new,6990 CLP,,https://karivejoyas.github.io/catalogo/?p=CH-006,https://karivejoyas.github.io/catalogo/assets/productos/charms-flor-blanca-oro.jpg,Karivé Joyas,Charms,Apparel & Accessories > Jewelry > Earrings
CH-007,Charms Flor Blanca Dorado,"Charms Flor Blanca Dorado de Karivé Joyas. Aros artesanales hechos a mano en Chile, en acero quirúrgico. Medida Argolla plateada · flor blanca. Colección Charms. Código CH-007.",in stock,new,6990 CLP,,https://karivejoyas.github.io/catalogo/?p=CH-007,https://karivejoyas.github.io/catalogo/assets/productos/charms-flor-blanca-plata.jpg,Karivé Joyas,Charms,Apparel & Accessories > Jewelry > Earrings
CH-008,Aros Charms Donut Dorado,"Aros Charms Donut Dorado de Karivé Joyas. Aros artesanales hechos a mano en Chile, en acero quirúrgico. Medida Aprox. 2.5cm. Colección Charms. Código CH-008.",out of stock,new,6990 CLP,,https://karivejoyas.github.io/catalogo/?p=CH-008,https://karivejoyas.github.io/catalogo/assets/productos/CH-008.jpg,Karivé Joyas,Charms,Apparel & Accessories > Jewelry > Earrings
CH-009,Aros Charms Donut Verde,"Aros Charms Donut Verde de Karivé Joyas. Aros artesanales hechos a mano en Chile, en acero quirúrgico. Medida Aprox. 2.5cm. Colección Charms. Código CH-009.",in stock,new,6990 CLP,,https://karivejoyas.github.io/catalogo/?p=CH-009,https://karivejoyas.github.io/catalogo/assets/productos/CH-009.jpg,Karivé Joyas,Charms,Apparel & Accessories > Jewelry > Earrings
CH-010,Aros Charms Corazón Mostaza,"Aros Charms Corazón Mostaza de Karivé Joyas. Aros artesanales hechos a mano en Chile, en acero quirúrgico. Medida Aprox. 2.5cm. Colección Charms. Código CH-010.",in stock,new,6990 CLP,,https://karivejoyas.github.io/catalogo/?p=CH-010,https://karivejoyas.github.io/catalogo/assets/productos/CH-010.jpg,Karivé Joyas,Charms,Apparel & Accessories > Jewelry > Earrings
CH-011,Aros Charms Corazón Rosa,"Aros Charms Corazón Rosa de Karivé Joyas. Aros artesanales hechos a mano en Chile, en acero quirúrgico. Medida Aprox. 2.5cm. Colección Charms. Código CH-011.",in stock,new,6990 CLP,,https://karivejoyas.github.io/catalogo/?p=CH-011,https://karivejoyas.github.io/catalogo/assets/productos/CH-011.jpg,Karivé Joyas,Charms,Apparel & Accessories > Jewelry > Earrings
CH-012,Aros Charms Flor Cobre,"Aros Charms Flor Cobre de Karivé Joyas. Aros artesanales hechos a mano en Chile, en acero quirúrgico. Medida Aprox. 2cm. Colección Charms. Código CH-012.",in stock,new,6990 CLP,,https://karivejoyas.github.io/catalogo/?p=CH-012,https://karivejoyas.github.io/catalogo/assets/productos/CH-012.jpg,Karivé Joyas,Charms,Apparel & Accessories > Jewelry > Earrings
CH-013,Aros Charms Flor Azul,"Aros Charms Flor Azul de Karivé Joyas. Aros artesanales hechos a mano en Chile, en acero quirúrgico. Medida Aprox. 2cm. Colección Charms. Código CH-013.",in stock,new,6990 CLP,,https://karivejoyas.github.io/catalogo/?p=CH-013,https://karivejoyas.github.io/catalogo/assets/productos/CH-013.jpg,Karivé Joyas,Charms,Apparel & Accessories > Jewelry > Earrings
CH-014,Aros Charms Animal Print,"Aros Charms Animal Print de Karivé Joyas. Aros artesanales hechos a mano en Chile, en acero quirúrgico. Medida Aprox. 3cm. Colección Charms. Código CH-014.",in stock,new,6990 CLP,,https://karivejoyas.github.io/catalogo/?p=CH-014,https://karivejoyas.github.io/catalogo/assets/productos/CH-014.jpg,Karivé Joyas,Charms,Apparel & Accessories > Jewelry > Earrings
CH-015,Aros Charms Rosa Brillos,"Aros Charms Rosa Brillos de Karivé Joyas. Aros artesanales hechos a mano en Chile, en acero quirúrgico. Medida Aprox. 2cm. Colección Charms. Código CH-015.",in stock,new,6990 CLP,,https://karivejoyas.github.io/catalogo/?p=CH-015,https://karivejoyas.github.io/catalogo/assets/productos/CH-015.jpg,Karivé Joyas,Charms,Apparel & Accessories > Jewelry > Earrings
CH-016,Aros Charms Azul Rayas,"Aros Charms Azul Rayas de Karivé Joyas. Aros artesanales hechos a mano en Chile, en acero quirúrgico. Medida Aprox. 4cm. Colección Charms. Código CH-016.",in stock,new,6990 CLP,,https://karivejoyas.github.io/catalogo/?p=CH-016,https://karivejoyas.github.io/catalogo/assets/productos/CH-016.jpg,Karivé Joyas,Charms,Apparel & Accessories > Jewelry > Earrings
FL-001,Aros Media Flor Roja,"Aros Media Flor Roja de Karivé Joyas. Aros artesanales hechos a mano en Chile, en acero quirúrgico. Medida Aprox. 5cm de diámetro. Colección Flores. Código FL-001.",in stock,new,8990 CLP,,https://karivejoyas.github.io/catalogo/?p=FL-001,https://karivejoyas.github.io/catalogo/assets/productos/floron-rojo.jpg,Karivé Joyas,Flores,Apparel & Accessories > Jewelry > Earrings
FL-002,Aros Media Flor Morada,"Aros Media Flor Morada de Karivé Joyas. Aros artesanales hechos a mano en Chile, en acero quirúrgico. Medida Aprox. 5cm de diámetro. Colección Flores. Código FL-002.",in stock,new,10990 CLP,,https://karivejoyas.github.io/catalogo/?p=FL-002,https://karivejoyas.github.io/catalogo/assets/productos/floron-morado.jpg,Karivé Joyas,Flores,Apparel & Accessories > Jewelry > Earrings
FL-003,Aros Media Flor Petróleo,"Aros Media Flor Petróleo de Karivé Joyas. Aros artesanales hechos a mano en Chile, en acero quirúrgico. Medida Aprox. 5cm de diámetro. Colección Flores. Código FL-003.",in stock,new,10990 CLP,,https://karivejoyas.github.io/catalogo/?p=FL-003,https://karivejoyas.github.io/catalogo/assets/productos/floron-azul.jpg,Karivé Joyas,Flores,Apparel & Accessories > Jewelry > Earrings
FL-004,Aros Media Flor Naranja,"Aros Media Flor Naranja de Karivé Joyas. Aros artesanales hechos a mano en Chile, en acero quirúrgico. Medida Aprox. 5cm de diámetro. Colección Flores. Código FL-004.",in stock,new,10990 CLP,,https://karivejoyas.github.io/catalogo/?p=FL-004,https://karivejoyas.github.io/catalogo/assets/productos/floron-naranjo.jpg,Karivé Joyas,Flores,Apparel & Accessories > Jewelry > Earrings
FL-005,Aros Media Flor Negra,"Aros Media Flor Negra de Karivé Joyas. Aros artesanales hechos a mano en Chile, en acero quirúrgico. Medida Aprox. 5cm de diámetro. Colección Flores. Código FL-005.",in stock,new,10990 CLP,,https://karivejoyas.github.io/catalogo/?p=FL-005,https://karivejoyas.github.io/catalogo/assets/productos/floron-negro.jpg,Karivé Joyas,Flores,Apparel & Accessories > Jewelry > Earrings
FL-006,Aros Media Flor Cobre,"Aros Media Flor Cobre de Karivé Joyas. Aros artesanales hechos a mano en Chile, en acero quirúrgico. Medida Aprox. 5cm de diámetro. Colección Flores. Código FL-006.",in stock,new,10990 CLP,,https://karivejoyas.github.io/catalogo/?p=FL-006,https://karivejoyas.github.io/catalogo/assets/productos/floron-cobre.jpg,Karivé Joyas,Flores,Apparel & Accessories > Jewelry > Earrings
FL-007,Aros Media Flor Blanco Perla,"Aros Media Flor Blanco Perla de Karivé Joyas. Aros artesanales hechos a mano en Chile, en acero quirúrgico. Medida Aprox. 5cm de diámetro. Colección Flores. Código FL-007.",in stock,new,10990 CLP,,https://karivejoyas.github.io/catalogo/?p=FL-007,https://karivejoyas.github.io/catalogo/assets/productos/floron-blanco.jpg,Karivé Joyas,Flores,Apparel & Accessories > Jewelry > Earrings
FL-008,Aros Media Flor Blanco,"Aros Media Flor Blanco de Karivé Joyas. Aros artesanales hechos a mano en Chile, en acero quirúrgico. Medida Aprox. 3.5cm de diámetro. Colección Flores. Código FL-008.",in stock,new,7990 CLP,,https://karivejoyas.github.io/catalogo/?p=FL-008,https://karivejoyas.github.io/catalogo/assets/productos/floron-blanco-perla.jpg,Karivé Joyas,Flores,Apparel & Accessories > Jewelry > Earrings
FL-009,Argollas Flores Plateadas,"Argollas Flores Plateadas de Karivé Joyas. Aros artesanales hechos a mano en Chile, en acero quirúrgico. Medida Aprox. 3.5cm de diámetro. Colección Flores. Código FL-009.",in stock,new,10990 CLP,,https://karivejoyas.github.io/catalogo/?p=FL-009,https://karivejoyas.github.io/catalogo/assets/productos/flores-plateadas.jpg,Karivé Joyas,Flores,Apparel & Accessories > Jewelry > Earrings
FL-010,Aros Flores Doradas,"Aros Flores Doradas de Karivé Joyas. Aros artesanales hechos a mano en Chile, en acero quirúrgico. Medida Aprox. 3.5cm de diámetro. Colección Flores. Código FL-010.",in stock,new,9990 CLP,,https://karivejoyas.github.io/catalogo/?p=FL-010,https://karivejoyas.github.io/catalogo/assets/productos/flores-amarillo-negro.jpg,Karivé Joyas,Flores,Apparel & Accessories > Jewelry > Earrings
FL-011,Aros Flores Plateadas,"Aros Flores Plateadas de Karivé Joyas. Aros artesanales hechos a mano en Chile, en acero quirúrgico. Medida Aprox. 3.5cm de diámetro. Colección Flores. Código FL-011.",in stock,new,9990 CLP,,https://karivejoyas.github.io/catalogo/?p=FL-011,https://karivejoyas.github.io/catalogo/assets/productos/flores-blanco-negro-stand.jpg,Karivé Joyas,Flores,Apparel & Accessories > Jewelry > Earrings
FL-012,Argollas Flores Doradas,"Argollas Flores Doradas de Karivé Joyas. Aros artesanales hechos a mano en Chile, en acero quirúrgico. Medida Aprox. 3.5cm de diámetro. Colección Flores. Código FL-012.",in stock,new,10990 CLP,,https://karivejoyas.github.io/catalogo/?p=FL-012,https://karivejoyas.github.io/catalogo/assets/productos/flores-amarillas.jpg,Karivé Joyas,Flores,Apparel & Accessories > Jewelry > Earrings
FL-013,Aros Margaritas Blancas,"Aros Margaritas Blancas de Karivé Joyas. Aros artesanales hechos a mano en Chile, en acero quirúrgico. Medida Aprox. 2.5cm de diámetro. Colección Flores. Código FL-013.",in stock,new,5990 CLP,,https://karivejoyas.github.io/catalogo/?p=FL-013,https://karivejoyas.github.io/catalogo/assets/productos/margaritas-blancas.jpg,Karivé Joyas,Flores,Apparel & Accessories > Jewelry > Earrings
FL-014,Aros Margaritas Blanco Perla,"Aros Margaritas Blanco Perla de Karivé Joyas. Aros artesanales hechos a mano en Chile, en acero quirúrgico. Medida Aprox. 2.5cm de diámetro. Colección Flores. Código FL-014.",in stock,new,5990 CLP,,https://karivejoyas.github.io/catalogo/?p=FL-014,https://karivejoyas.github.io/catalogo/assets/productos/margaritas-blancas-texturadas.jpg,Karivé Joyas,Flores,Apparel & Accessories > Jewelry > Earrings
FL-015,Aros Margaritas Blanco Perla,"Aros Margaritas Blanco Perla de Karivé Joyas. Aros artesanales hechos a mano en Chile, en acero quirúrgico. Medida Aprox. 4cm de largo. Colección Flores. Código FL-015.",in stock,new,5990 CLP,,https://karivejoyas.github.io/catalogo/?p=FL-015,https://karivejoyas.github.io/catalogo/assets/productos/margaritas-blancas-colg.jpg,Karivé Joyas,Flores,Apparel & Accessories > Jewelry > Earrings
FL-016,Aros Margaritas Blanco Perla,"Aros Margaritas Blanco Perla de Karivé Joyas. Aros artesanales hechos a mano en Chile, en acero quirúrgico. Medida Aprox. 1.5cm de diámetro. Colección Flores. Código FL-016.",in stock,new,2990 CLP,,https://karivejoyas.github.io/catalogo/?p=FL-016,https://karivejoyas.github.io/catalogo/assets/productos/margaritas-blancas-topo.jpg,Karivé Joyas,Flores,Apparel & Accessories > Jewelry > Earrings
FL-017,Aros Margaritas Rojas,"Aros Margaritas Rojas de Karivé Joyas. Aros artesanales hechos a mano en Chile, en acero quirúrgico. Medida Aprox. 1.5cm de diámetro. Colección Flores. Código FL-017.",in stock,new,2990 CLP,,https://karivejoyas.github.io/catalogo/?p=FL-017,https://karivejoyas.github.io/catalogo/assets/productos/margaritas-rojas.jpg,Karivé Joyas,Flores,Apparel & Accessories > Jewelry > Earrings
FL-018,Aros Margaritas Blancas,"Aros Margaritas Blancas de Karivé Joyas. Aros artesanales hechos a mano en Chile, en acero quirúrgico. Medida Aprox. 1.5cm de largo. Colección Flores. Código FL-018.",in stock,new,2990 CLP,,https://karivejoyas.github.io/catalogo/?p=FL-018,https://karivejoyas.github.io/catalogo/assets/productos/margaritas-blancas-colg2.jpg,Karivé Joyas,Flores,Apparel & Accessories > Jewelry > Earrings
FL-019,Aros Flor Argolla Celeste Brillos,"Aros Flor Argolla Celeste Brillos de Karivé Joyas. Aros artesanales hechos a mano en Chile, en acero quirúrgico. Medida Aprox. 3.5 cm. Colección Flores. Código FL-019.",in stock,new,10990 CLP,,https://karivejoyas.github.io/catalogo/?p=FL-019,https://karivejoyas.github.io/catalogo/assets/productos/FL-019.jpg,Karivé Joyas,Flores,Apparel & Accessories > Jewelry > Earrings
FL-020,Aros Flor Argolla Cobre ,"Aros Flor Argolla Cobre  de Karivé Joyas. Aros artesanales hechos a mano en Chile, en acero quirúrgico. Medida Aprox. 3.5 cm. Colección Flores. Código FL-020.",in stock,new,10990 CLP,,https://karivejoyas.github.io/catalogo/?p=FL-020,https://karivejoyas.github.io/catalogo/assets/productos/FL-020.jpg,Karivé Joyas,Flores,Apparel & Accessories > Jewelry > Earrings
FL-021,Aros Flor Argolla Azul,"Aros Flor Argolla Azul de Karivé Joyas. Aros artesanales hechos a mano en Chile, en acero quirúrgico. Medida Aprox. 3.5 cm. Colección Flores. Código FL-021.",in stock,new,10990 CLP,,https://karivejoyas.github.io/catalogo/?p=FL-021,https://karivejoyas.github.io/catalogo/assets/productos/FL-021.jpg,Karivé Joyas,Flores,Apparel & Accessories > Jewelry > Earrings
FL-022,Aros Flor Argolla Mostaza Brillos,"Aros Flor Argolla Mostaza Brillos de Karivé Joyas. Aros artesanales hechos a mano en Chile, en acero quirúrgico. Medida Aprox. 3.5 cm. Colección Flores. Código FL-022.",in stock,new,10990 CLP,,https://karivejoyas.github.io/catalogo/?p=FL-022,https://karivejoyas.github.io/catalogo/assets/productos/FL-022.jpg,Karivé Joyas,Flores,Apparel & Accessories > Jewelry > Earrings
FL-023,Aros Flor Argolla Margarita,"Aros Flor Argolla Margarita de Karivé Joyas. Aros artesanales hechos a mano en Chile, en acero quirúrgico. Medida Aprox. 5 cm de alto(con argolla) y 3 de ancho. Colección Flores. Código FL-023.",in stock,new,6990 CLP,,https://karivejoyas.github.io/catalogo/?p=FL-023,https://karivejoyas.github.io/catalogo/assets/productos/FL-023.jpg,Karivé Joyas,Flores,Apparel & Accessories > Jewelry > Earrings
FL-024,Aros Flor Rosa,"Aros Flor Rosa de Karivé Joyas. Aros artesanales hechos a mano en Chile, en acero quirúrgico. Medida Aprox. 5 cm de alto(con argolla) y 3 de ancho. Colección Flores. Código FL-024.",in stock,new,6990 CLP,,https://karivejoyas.github.io/catalogo/?p=FL-024,https://karivejoyas.github.io/catalogo/assets/productos/FL-024.jpg,Karivé Joyas,Flores,Apparel & Accessories > Jewelry > Earrings
FL-025,Aros Flor Rosa,"Aros Flor Rosa de Karivé Joyas. Aros artesanales hechos a mano en Chile, en acero quirúrgico. Medida Aprox. 5 cm de alto(con argolla) y 3 de ancho. Colección Flores. Código FL-025.",in stock,new,6990 CLP,,https://karivejoyas.github.io/catalogo/?p=FL-025,https://karivejoyas.github.io/catalogo/assets/productos/FL-025.jpg,Karivé Joyas,Flores,Apparel & Accessories > Jewelry > Earrings
FL-026,Aros Flor Roja,"Aros Flor Roja de Karivé Joyas. Aros artesanales hechos a mano en Chile, en acero quirúrgico. Medida Aprox. 5 cm de alto(con argolla) y 3 de ancho. Colección Flores. Código FL-026.",in stock,new,6990 CLP,,https://karivejoyas.github.io/catalogo/?p=FL-026,https://karivejoyas.github.io/catalogo/assets/productos/FL-026.jpg,Karivé Joyas,Flores,Apparel & Accessories > Jewelry > Earrings
FL-027,Aros Media-Flor Argolla Margarita,"Aros Media-Flor Argolla Margarita de Karivé Joyas. Aros artesanales hechos a mano en Chile, en acero quirúrgico. Medida Aprox. 5 cm de alto(con argolla) y 2.5 de ancho. Colección Flores. Código FL-027.",in stock,new,6990 CLP,,https://karivejoyas.github.io/catalogo/?p=FL-027,https://karivejoyas.github.io/catalogo/assets/productos/FL-027.jpg,Karivé Joyas,Flores,Apparel & Accessories > Jewelry > Earrings
FL-028,Aros Flor RoJa,"Aros Flor RoJa de Karivé Joyas. Aros artesanales hechos a mano en Chile, en acero quirúrgico. Medida Aprox. 4 cm de alto(con argolla) y 3 de ancho. Colección Flores. Código FL-028.",in stock,new,6990 CLP,,https://karivejoyas.github.io/catalogo/?p=FL-028,https://karivejoyas.github.io/catalogo/assets/productos/FL-028.jpg,Karivé Joyas,Flores,Apparel & Accessories > Jewelry > Earrings
FL-029,Aros flor Margarita,"Aros flor Margarita de Karivé Joyas. Aros artesanales hechos a mano en Chile, en acero quirúrgico. Medida Aprox. 1.5 cm de alto y ancho. Colección Flores. Código FL-029.",in stock,new,2990 CLP,,https://karivejoyas.github.io/catalogo/?p=FL-029,https://karivejoyas.github.io/catalogo/assets/productos/FL-029.jpg,Karivé Joyas,Flores,Apparel & Accessories > Jewelry > Earrings
MA-001,Aros Concha Arena Plateado,"Aros Concha Arena Plateado de Karivé Joyas. Aros artesanales hechos a mano en Chile, en acero quirúrgico. Medida Aprox. 3.5cm(Con Argolla). Colección Marina. Código MA-001.",in stock,new,6990 CLP,,https://karivejoyas.github.io/catalogo/?p=MA-001,https://karivejoyas.github.io/catalogo/assets/productos/MA-001.jpg,Karivé Joyas,Marina,Apparel & Accessories > Jewelry > Earrings
MA-002,Aros Concha Blanca Dorado,"Aros Concha Blanca Dorado de Karivé Joyas. Aros artesanales hechos a mano en Chile, en acero quirúrgico. Medida Aprox. 3.5cm(Con Argolla). Colección Marina. Código MA-002.",in stock,new,6990 CLP,,https://karivejoyas.github.io/catalogo/?p=MA-002,https://karivejoyas.github.io/catalogo/assets/productos/MA-002.jpg,Karivé Joyas,Marina,Apparel & Accessories > Jewelry > Earrings
MA-003,Aros Estrella de Mar Arena Plateado,"Aros Estrella de Mar Arena Plateado de Karivé Joyas. Aros artesanales hechos a mano en Chile, en acero quirúrgico. Medida Aprox. 3.5cm(Con Argolla). Colección Marina. Código MA-003.",in stock,new,6990 CLP,,https://karivejoyas.github.io/catalogo/?p=MA-003,https://karivejoyas.github.io/catalogo/assets/productos/MA-003.jpg,Karivé Joyas,Marina,Apparel & Accessories > Jewelry > Earrings
MA-004,Aros Conchita Blanca Plateado,"Aros Conchita Blanca Plateado de Karivé Joyas. Aros artesanales hechos a mano en Chile, en acero quirúrgico. Medida Aprox. 3.5cm(Con Argolla). Colección Marina. Código MA-004.",in stock,new,6990 CLP,,https://karivejoyas.github.io/catalogo/?p=MA-004,https://karivejoyas.github.io/catalogo/assets/productos/MA-004.jpg,Karivé Joyas,Marina,Apparel & Accessories > Jewelry > Earrings
MA-005,Aros Conchita Blanca Dorado,"Aros Conchita Blanca Dorado de Karivé Joyas. Aros artesanales hechos a mano en Chile, en acero quirúrgico. Medida Aprox. 3.5cm(Con Argolla). Colección Marina. Código MA-005.",in stock,new,6990 CLP,,https://karivejoyas.github.io/catalogo/?p=MA-005,https://karivejoyas.github.io/catalogo/assets/productos/MA-005.jpg,Karivé Joyas,Marina,Apparel & Accessories > Jewelry > Earrings
MA-006,Aros Conchita Arena Dorado,"Aros Conchita Arena Dorado de Karivé Joyas. Aros artesanales hechos a mano en Chile, en acero quirúrgico. Medida Aprox. 3.5cm(Con Argolla). Colección Marina. Código MA-006.",in stock,new,6990 CLP,,https://karivejoyas.github.io/catalogo/?p=MA-006,https://karivejoyas.github.io/catalogo/assets/productos/MA-006.jpg,Karivé Joyas,Marina,Apparel & Accessories > Jewelry > Earrings
MA-007,Aros Concha Blanca Plateado,"Aros Concha Blanca Plateado de Karivé Joyas. Aros artesanales hechos a mano en Chile, en acero quirúrgico. Medida Aprox. 3.5cm(Con Argolla). Colección Marina. Código MA-007.",in stock,new,6990 CLP,,https://karivejoyas.github.io/catalogo/?p=MA-007,https://karivejoyas.github.io/catalogo/assets/productos/MA-007.jpg,Karivé Joyas,Marina,Apparel & Accessories > Jewelry > Earrings
MA-008,Aros Conchita Blanca Dorado,"Aros Conchita Blanca Dorado de Karivé Joyas. Aros artesanales hechos a mano en Chile, en acero quirúrgico. Medida Aprox. 3.5cm(Con Argolla). Colección Marina. Código MA-008.",in stock,new,6990 CLP,,https://karivejoyas.github.io/catalogo/?p=MA-008,https://karivejoyas.github.io/catalogo/assets/productos/MA-008.jpg,Karivé Joyas,Marina,Apparel & Accessories > Jewelry > Earrings
MA-009,Aros Concha Arena Dorado,"Aros Concha Arena Dorado de Karivé Joyas. Aros artesanales hechos a mano en Chile, en acero quirúrgico. Medida Aprox. 3.5cm(Con Argolla). Colección Marina. Código MA-009.",in stock,new,6990 CLP,,https://karivejoyas.github.io/catalogo/?p=MA-009,https://karivejoyas.github.io/catalogo/assets/productos/MA-009.jpg,Karivé Joyas,Marina,Apparel & Accessories > Jewelry > Earrings
MA-010,Aros Conchita Arena Plateado,"Aros Conchita Arena Plateado de Karivé Joyas. Aros artesanales hechos a mano en Chile, en acero quirúrgico. Medida Aprox. 3.5cm(Con Argolla). Colección Marina. Código MA-010.",in stock,new,6990 CLP,,https://karivejoyas.github.io/catalogo/?p=MA-010,https://karivejoyas.github.io/catalogo/assets/productos/MA-010.jpg,Karivé Joyas,Marina,Apparel & Accessories > Jewelry > Earrings
MA-011,Aros Estrella de Mar Arena Dorado,"Aros Estrella de Mar Arena Dorado de Karivé Joyas. Aros artesanales hechos a mano en Chile, en acero quirúrgico. Medida Aprox. 3.5cm(Con Argolla). Colección Marina. Código MA-011.",in stock,new,6990 CLP,,https://karivejoyas.github.io/catalogo/?p=MA-011,https://karivejoyas.github.io/catalogo/assets/productos/MA-011.jpg,Karivé Joyas,Marina,Apparel & Accessories > Jewelry > Earrings
MA-012,Aros Conchita Arena Dorado,"Aros Conchita Arena Dorado de Karivé Joyas. Aros artesanales hechos a mano en Chile, en acero quirúrgico. Medida Aprox. 3.5cm(Con Argolla). Colección Marina. Código MA-012.",in stock,new,6990 CLP,,https://karivejoyas.github.io/catalogo/?p=MA-012,https://karivejoyas.github.io/catalogo/assets/productos/MA-012.jpg,Karivé Joyas,Marina,Apparel & Accessories > Jewelry > Earrings
MA-013,Aros Conchitas Mármol Azul,"Aros Conchitas Mármol Azul de Karivé Joyas. Aros artesanales hechos a mano en Chile, en acero quirúrgico. Medida Aprox. 3.5cm. Colección Marina. Código MA-013.",in stock,new,6990 CLP,,https://karivejoyas.github.io/catalogo/?p=MA-013,https://karivejoyas.github.io/catalogo/assets/productos/MA-013.jpg,Karivé Joyas,Marina,Apparel & Accessories > Jewelry > Earrings
OT-001,Donuts Celeste,"Donuts Celeste de Karivé Joyas. Aros artesanales hechos a mano en Chile, en acero quirúrgico. Medida Aprox. 2.5cm. Colección Otros. Código OT-001.",in stock,new,4990 CLP,,https://karivejoyas.github.io/catalogo/?p=OT-001,https://karivejoyas.github.io/catalogo/assets/productos/charms-donut-azul.jpg,Karivé Joyas,Otros,Apparel & Accessories > Jewelry > Earrings
OT-002,Charms Donut Marino,"Charms Donut Marino de Karivé Joyas. Aros artesanales hechos a mano en Chile, en acero quirúrgico. Medida Aprox. 2.5cm. Colección Otros. Código OT-002.",in stock,new,4990 CLP,,https://karivejoyas.github.io/catalogo/?p=OT-002,https://karivejoyas.github.io/catalogo/assets/productos/charms-donut-marino.jpg,Karivé Joyas,Otros,Apparel & Accessories > Jewelry > Earrings
OT-003,Donuts Rosa,"Donuts Rosa de Karivé Joyas. Aros artesanales hechos a mano en Chile, en acero quirúrgico. Medida Aprox. 2.5cm. Colección Otros. Código OT-003.",in stock,new,4990 CLP,,https://karivejoyas.github.io/catalogo/?p=OT-003,https://karivejoyas.github.io/catalogo/assets/productos/charms-donut-blanco.jpg,Karivé Joyas,Otros,Apparel & Accessories > Jewelry > Earrings
OT-004,Aros Corazón Rombo Mármol Azul,"Aros Corazón Rombo Mármol Azul de Karivé Joyas. Aros artesanales hechos a mano en Chile, en acero quirúrgico. Medida Aprox. 5cm. Colección Otros. Código OT-004.",in stock,new,6990 CLP,,https://karivejoyas.github.io/catalogo/?p=OT-004,https://karivejoyas.github.io/catalogo/assets/productos/OT-004.jpg,Karivé Joyas,Otros,Apparel & Accessories > Jewelry > Earrings
OT-005,Aros Corazón Mármol Azul,"Aros Corazón Mármol Azul de Karivé Joyas. Aros artesanales hechos a mano en Chile, en acero quirúrgico. Medida Aprox. 4.5cm. Colección Otros. Código OT-005.",in stock,new,6990 CLP,,https://karivejoyas.github.io/catalogo/?p=OT-005,https://karivejoyas.github.io/catalogo/assets/productos/OT-005.jpg,Karivé Joyas,Otros,Apparel & Accessories > Jewelry > Earrings
OT-006,Aros Gota Mármol Azul,"Aros Gota Mármol Azul de Karivé Joyas. Aros artesanales hechos a mano en Chile, en acero quirúrgico. Medida Aprox. 4.5cm. Colección Otros. Código OT-006.",in stock,new,6990 CLP,,https://karivejoyas.github.io/catalogo/?p=OT-006,https://karivejoyas.github.io/catalogo/assets/productos/OT-006.jpg,Karivé Joyas,Otros,Apparel & Accessories > Jewelry > Earrings
OT-007,Aros Corazón Hojitas Brillos,"Aros Corazón Hojitas Brillos de Karivé Joyas. Aros artesanales hechos a mano en Chile, en acero quirúrgico. Medida Aprox. 6cm. Colección Otros. Código OT-007.",in stock,new,6990 CLP,,https://karivejoyas.github.io/catalogo/?p=OT-007,https://karivejoyas.github.io/catalogo/assets/productos/OT-007.jpg,Karivé Joyas,Otros,Apparel & Accessories > Jewelry > Earrings
OT-008,Aros Figuras Brillos,"Aros Figuras Brillos de Karivé Joyas. Aros artesanales hechos a mano en Chile, en acero quirúrgico. Medida Aprox. 6cm. Colección Otros. Código OT-008.",in stock,new,7990 CLP,,https://karivejoyas.github.io/catalogo/?p=OT-008,https://karivejoyas.github.io/catalogo/assets/productos/OT-008.jpg,Karivé Joyas,Otros,Apparel & Accessories > Jewelry > Earrings
OT-009,Aros Hojitas Brillos,"Aros Hojitas Brillos de Karivé Joyas. Aros artesanales hechos a mano en Chile, en acero quirúrgico. Medida Aprox. 6cm. Colección Otros. Código OT-009.",in stock,new,7990 CLP,,https://karivejoyas.github.io/catalogo/?p=OT-009,https://karivejoyas.github.io/catalogo/assets/productos/OT-009.jpg,Karivé Joyas,Otros,Apparel & Accessories > Jewelry > Earrings
OT-010,Aros Azul Rayas,"Aros Azul Rayas de Karivé Joyas. Aros artesanales hechos a mano en Chile, en acero quirúrgico. Medida Aprox. 4cm. Colección Otros. Código OT-010.",in stock,new,6990 CLP,,https://karivejoyas.github.io/catalogo/?p=OT-010,https://karivejoyas.github.io/catalogo/assets/productos/OT-010.jpg,Karivé Joyas,Otros,Apparel & Accessories > Jewelry > Earrings
OT-011,Aros Verde Lima Rayas,"Aros Verde Lima Rayas de Karivé Joyas. Aros artesanales hechos a mano en Chile, en acero quirúrgico. Medida Aprox. 5cm. Colección Otros. Código OT-011.",in stock,new,6990 CLP,,https://karivejoyas.github.io/catalogo/?p=OT-011,https://karivejoyas.github.io/catalogo/assets/productos/OT-011.jpg,Karivé Joyas,Otros,Apparel & Accessories > Jewelry > Earrings
TP-001,Aros Corazón Dorado,"Aros Corazón Dorado de Karivé Joyas. Aros artesanales hechos a mano en Chile, en acero quirúrgico. Medida Aprox. 2cm. Colección Corazones. Código TP-001.",in stock,new,6990 CLP,,https://karivejoyas.github.io/catalogo/?p=TP-001,https://karivejoyas.github.io/catalogo/assets/productos/topos-corazon-dorado.jpg,Karivé Joyas,Corazones,Apparel & Accessories > Jewelry > Earrings
TP-002,Topos Corazón Celeste,"Topos Corazón Celeste de Karivé Joyas. Aros artesanales hechos a mano en Chile, en acero quirúrgico. Medida Aprox. 2cm. Colección Corazones. Código TP-002.",in stock,new,6990 CLP,,https://karivejoyas.github.io/catalogo/?p=TP-002,https://karivejoyas.github.io/catalogo/assets/productos/topos-corazon-celeste.jpg,Karivé Joyas,Corazones,Apparel & Accessories > Jewelry > Earrings
TP-003,Topos Botón Celeste,"Topos Botón Celeste de Karivé Joyas. Aros artesanales hechos a mano en Chile, en acero quirúrgico. Medida Aprox. 1.2cm. Colección Corazones. Código TP-003.",in stock,new,6990 CLP,,https://karivejoyas.github.io/catalogo/?p=TP-003,https://karivejoyas.github.io/catalogo/assets/productos/topos-boton-celeste.jpg,Karivé Joyas,Corazones,Apparel & Accessories > Jewelry > Earrings
TP-004,Aros Mini Corazón-Beige,"Aros Mini Corazón-Beige de Karivé Joyas. Aros artesanales hechos a mano en Chile, en acero quirúrgico. Medida Aprox. 1.5cm. Colección Corazones. Código TP-004.",out of stock,new,4990 CLP,,https://karivejoyas.github.io/catalogo/?p=TP-004,https://karivejoyas.github.io/catalogo/assets/productos/TP-004.jpg,Karivé Joyas,Corazones,Apparel & Accessories > Jewelry > Earrings
TP-005,Aros Mini Corazón Morado,"Aros Mini Corazón Morado de Karivé Joyas. Aros artesanales hechos a mano en Chile, en acero quirúrgico. Medida Aprox. 1.5cm. Colección Corazones. Código TP-005.",out of stock,new,4990 CLP,,https://karivejoyas.github.io/catalogo/?p=TP-005,https://karivejoyas.github.io/catalogo/assets/productos/TP-005.jpg,Karivé Joyas,Corazones,Apparel & Accessories > Jewelry > Earrings
TP-006,Aros Mini Corazón Morado,"Aros Mini Corazón Morado de Karivé Joyas. Aros artesanales hechos a mano en Chile, en acero quirúrgico. Medida Aprox. 1.5cm. Colección Corazones. Código TP-006.",out of stock,new,4990 CLP,,https://karivejoyas.github.io/catalogo/?p=TP-006,https://karivejoyas.github.io/catalogo/assets/productos/TP-006.jpg,Karivé Joyas,Corazones,Apparel & Accessories > Jewelry > Earrings
TP-007,Aros Corazón Verde Lima,"Aros Corazón Verde Lima de Karivé Joyas. Aros artesanales hechos a mano en Chile, en acero quirúrgico. Medida Aprox. 2cm. Colección Corazones. Código TP-007.",in stock,new,3990 CLP,,https://karivejoyas.github.io/catalogo/?p=TP-007,https://karivejoyas.github.io/catalogo/assets/productos/TP-007.jpg,Karivé Joyas,Corazones,Apparel & Accessories > Jewelry > Earrings
TP-008,Aros Corazón Animal Print,"Aros Corazón Animal Print de Karivé Joyas. Aros artesanales hechos a mano en Chile, en acero quirúrgico. Medida Aprox. 4cm. Colección Corazones. Código TP-008.",in stock,new,6990 CLP,,https://karivejoyas.github.io/catalogo/?p=TP-008,https://karivejoyas.github.io/catalogo/assets/productos/TP-008.jpg,Karivé Joyas,Corazones,Apparel & Accessories > Jewelry > Earrings
TP-009,Aros Corazón Animal Print,"Aros Corazón Animal Print de Karivé Joyas. Aros artesanales hechos a mano en Chile, en acero quirúrgico. Medida Aprox. 2cm. Colección Corazones. Código TP-009.",in stock,new,3990 CLP,,https://karivejoyas.github.io/catalogo/?p=TP-009,https://karivejoyas.github.io/catalogo/assets/productos/TP-009.jpg,Karivé Joyas,Corazones,Apparel & Accessories > Jewelry > Earrings
TP-010,Aros Corazón Celeste Glitter,"Aros Corazón Celeste Glitter de Karivé Joyas. Aros artesanales hechos a mano en Chile, en acero quirúrgico. Medida Aprox. 2cm. Colección Corazones. Código TP-010.",in stock,new,3990 CLP,,https://karivejoyas.github.io/catalogo/?p=TP-010,https://karivejoyas.github.io/catalogo/assets/productos/TP-010.jpg,Karivé Joyas,Corazones,Apparel & Accessories > Jewelry > Earrings
TP-011,Aros Corazón Blanco Perla,"Aros Corazón Blanco Perla de Karivé Joyas. Aros artesanales hechos a mano en Chile, en acero quirúrgico. Medida Aprox. 2cm. Colección Corazones. Código TP-011.",in stock,new,3990 CLP,,https://karivejoyas.github.io/catalogo/?p=TP-011,https://karivejoyas.github.io/catalogo/assets/productos/TP-011.jpg,Karivé Joyas,Corazones,Apparel & Accessories > Jewelry > Earrings
TP-012,Aros Corazón Negro,"Aros Corazón Negro de Karivé Joyas. Aros artesanales hechos a mano en Chile, en acero quirúrgico. Medida Aprox. 2cm. Colección Corazones. Código TP-012.",in stock,new,3990 CLP,,https://karivejoyas.github.io/catalogo/?p=TP-012,https://karivejoyas.github.io/catalogo/assets/productos/TP-012.jpg,Karivé Joyas,Corazones,Apparel & Accessories > Jewelry > Earrings
TP-013,Aros Corazón Mármol Azul,"Aros Corazón Mármol Azul de Karivé Joyas. Aros artesanales hechos a mano en Chile, en acero quirúrgico. Medida Aprox. 2.5cm. Colección Corazones. Código TP-013.",in stock,new,5990 CLP,,https://karivejoyas.github.io/catalogo/?p=TP-013,https://karivejoyas.github.io/catalogo/assets/productos/TP-013.jpg,Karivé Joyas,Corazones,Apparel & Accessories > Jewelry > Earrings
TP-014,Aros Corazón Celeste Glitter,"Aros Corazón Celeste Glitter de Karivé Joyas. Aros artesanales hechos a mano en Chile, en acero quirúrgico. Medida Aprox. 2.5cm. Colección Corazones. Código TP-014.",in stock,new,5990 CLP,,https://karivejoyas.github.io/catalogo/?p=TP-014,https://karivejoyas.github.io/catalogo/assets/productos/TP-014.jpg,Karivé Joyas,Corazones,Apparel & Accessories > Jewelry > Earrings
TP-015,Aros Corazón Animal Print,"Aros Corazón Animal Print de Karivé Joyas. Aros artesanales hechos a mano en Chile, en acero quirúrgico. Medida Aprox. 2.5cm. Colección Corazones. Código TP-015.",in stock,new,5990 CLP,,https://karivejoyas.github.io/catalogo/?p=TP-015,https://karivejoyas.github.io/catalogo/assets/productos/TP-015.jpg,Karivé Joyas,Corazones,Apparel & Accessories > Jewelry > Earrings
TP-016,Aros Corazón Blanco Perla,"Aros Corazón Blanco Perla de Karivé Joyas. Aros artesanales hechos a mano en Chile, en acero quirúrgico. Medida Aprox. 2.5cm. Colección Corazones. Código TP-016.",in stock,new,5990 CLP,,https://karivejoyas.github.io/catalogo/?p=TP-016,https://karivejoyas.github.io/catalogo/assets/productos/TP-016.jpg,Karivé Joyas,Corazones,Apparel & Accessories > Jewelry > Earrings
TP-017,Aros Corazón Verde Lima,"Aros Corazón Verde Lima de Karivé Joyas. Aros artesanales hechos a mano en Chile, en acero quirúrgico. Medida Aprox. 2.5cm. Colección Corazones. Código TP-017.",in stock,new,5990 CLP,,https://karivejoyas.github.io/catalogo/?p=TP-017,https://karivejoyas.github.io/catalogo/assets/productos/TP-017.jpg,Karivé Joyas,Corazones,Apparel & Accessories > Jewelry > Earrings
TP-018,Aros Corazón Negro,"Aros Corazón Negro de Karivé Joyas. Aros artesanales hechos a mano en Chile, en acero quirúrgico. Medida Aprox. 2.5cm. Colección Corazones. Código TP-018.",in stock,new,5990 CLP,,https://karivejoyas.github.io/catalogo/?p=TP-018,https://karivejoyas.github.io/catalogo/assets/productos/TP-018.jpg,Karivé Joyas,Corazones,Apparel & Accessories > Jewelry > Earrings
TP-019,Aros Tres Corazones Rosa Brillante,"Aros Tres Corazones Rosa Brillante de Karivé Joyas. Aros artesanales hechos a mano en Chile, en acero quirúrgico. Medida Aprox. 5cm. Colección Corazones. Código TP-019.",in stock,new,7990 CLP,,https://karivejoyas.github.io/catalogo/?p=TP-019,https://karivejoyas.github.io/catalogo/assets/productos/TP-019.jpg,Karivé Joyas,Corazones,Apparel & Accessories > Jewelry > Earrings
TP-020,Aros Corazones Rosa Brillante,"Aros Corazones Rosa Brillante de Karivé Joyas. Aros artesanales hechos a mano en Chile, en acero quirúrgico. Medida Aprox. 5cm(Con Argolla). Colección Corazones. Código TP-020.",in stock,new,6990 CLP,,https://karivejoyas.github.io/catalogo/?p=TP-020,https://karivejoyas.github.io/catalogo/assets/productos/TP-020.jpg,Karivé Joyas,Corazones,Apparel & Accessories > Jewelry > Earrings
