id,title,description,link,image_link,availability,price,sale_price,condition,brand,mpn,identifier_exists,google_product_category,product_type,color,gender,age_group,material,custom_label_0
AG-001,Argollas Cristal Amarillo – Aros artesanales hechos a mano | Karivé Joyas,"Argollas Cristal Amarillo de Karivé Joyas. Aros artesanales hechos a mano en Chile, con base de acero quirúrgico. Medida Aprox. 4cm de Ancho y 3cm de Largo. Colección Argollas de cristal. Código AG-001.",https://karivejoyas.github.io/catalogo/p/AG-001.html,https://karivejoyas.github.io/catalogo/assets/productos/argollas-amarillo.jpg,in_stock,9990 CLP,,new,Karivé Joyas,AG-001,no,Apparel & Accessories > Jewelry > Earrings,Joyería > Aros > Argollas de cristal,Amarillo,female,adult,Acero quirúrgico,Argollas de cristal
AG-002,Argollas Luna Azul – Aros artesanales hechos a mano | Karivé Joyas,"Argollas Luna Azul de Karivé Joyas. Aros artesanales hechos a mano en Chile, con base de acero quirúrgico. Medida Aprox. 4cm de Ancho y 3.5cm de Largo. Colección Argollas de cristal. Código AG-002.",https://karivejoyas.github.io/catalogo/p/AG-002.html,https://karivejoyas.github.io/catalogo/assets/productos/argollas-azul-rey.jpg,in_stock,9990 CLP,,new,Karivé Joyas,AG-002,no,Apparel & Accessories > Jewelry > Earrings,Joyería > Aros > Argollas de cristal,Azul,female,adult,Acero quirúrgico,Argollas de cristal
AG-003,Argollas Cristal Verde Olivo – Aros artesanales hechos a mano | Karivé Joyas,"Argollas Cristal Verde Olivo de Karivé Joyas. Aros artesanales hechos a mano en Chile, con base de acero quirúrgico. Medida Aprox. 3cm de Ancho y 3cm de Largo. Colección Argollas de cristal. Código AG-003.",https://karivejoyas.github.io/catalogo/p/AG-003.html,https://karivejoyas.github.io/catalogo/assets/productos/argollas-verde-oliva.jpg,in_stock,6990 CLP,,new,Karivé Joyas,AG-003,no,Apparel & Accessories > Jewelry > Earrings,Joyería > Aros > Argollas de cristal,Verde,female,adult,Acero quirúrgico,Argollas de cristal
AG-004,Argollas Cristal Rojo – Aros artesanales hechos a mano | Karivé Joyas,"Argollas Cristal Rojo de Karivé Joyas. Aros artesanales hechos a mano en Chile, con base de acero quirúrgico. Medida Aprox. 4cm. Colección Argollas de cristal. Código AG-004.",https://karivejoyas.github.io/catalogo/p/AG-004.html,https://karivejoyas.github.io/catalogo/assets/productos/argollas-rojo.jpg,in_stock,7990 CLP,,new,Karivé Joyas,AG-004,no,Apparel & Accessories > Jewelry > Earrings,Joyería > Aros > Argollas de cristal,Rojo,female,adult,Acero quirúrgico,Argollas de cristal
AG-005,Argollas Cristal Rojo Intenso – Aros artesanales hechos a mano | Karivé Joyas,"Argollas Cristal Rojo Intenso de Karivé Joyas. Aros artesanales hechos a mano en Chile, con base de acero quirúrgico. Medida Aprox. 3.5cm. Colección Argollas de cristal. Código AG-005.",https://karivejoyas.github.io/catalogo/p/AG-005.html,https://karivejoyas.github.io/catalogo/assets/productos/argollas-rojo2.jpg,in_stock,6990 CLP,,new,Karivé Joyas,AG-005,no,Apparel & Accessories > Jewelry > Earrings,Joyería > Aros > Argollas de cristal,Rojo,female,adult,Acero quirúrgico,Argollas de cristal
AG-006,Argollas Luna Turquesa – Aros artesanales hechos a mano | Karivé Joyas,"Argollas Luna Turquesa de Karivé Joyas. Aros artesanales hechos a mano en Chile, con base de acero quirúrgico. Medida Aprox. 4cm de Ancho y 3.5cm de Largo. Colección Argollas de cristal. Código AG-006.",https://karivejoyas.github.io/catalogo/p/AG-006.html,https://karivejoyas.github.io/catalogo/assets/productos/argollas-turquesa2.jpg,in_stock,9990 CLP,,new,Karivé Joyas,AG-006,no,Apparel & Accessories > Jewelry > Earrings,Joyería > Aros > Argollas de cristal,Turquesa,female,adult,Acero quirúrgico,Argollas de cristal
AG-007,Argollas Luna Lila – Aros artesanales hechos a mano | Karivé Joyas,"Argollas Luna Lila de Karivé Joyas. Aros artesanales hechos a mano en Chile, con base de acero quirúrgico. Medida Aprox. 4cm de Ancho y 3.5cm de Largo. Colección Argollas de cristal. Código AG-007.",https://karivejoyas.github.io/catalogo/p/AG-007.html,https://karivejoyas.github.io/catalogo/assets/productos/argollas-lila.jpg,in_stock,9990 CLP,,new,Karivé Joyas,AG-007,no,Apparel & Accessories > Jewelry > Earrings,Joyería > Aros > Argollas de cristal,Lila,female,adult,Acero quirúrgico,Argollas de cristal
AG-008,Argollas Luna Negra – Aros artesanales hechos a mano | Karivé Joyas,"Argollas Luna Negra de Karivé Joyas. Aros artesanales hechos a mano en Chile, con base de acero quirúrgico. Medida Aprox. 4cm de Ancho y 3.5cm de Largo. Colección Argollas de cristal. Código AG-008.",https://karivejoyas.github.io/catalogo/p/AG-008.html,https://karivejoyas.github.io/catalogo/assets/productos/argollas-negro.jpg,in_stock,9990 CLP,,new,Karivé Joyas,AG-008,no,Apparel & Accessories > Jewelry > Earrings,Joyería > Aros > Argollas de cristal,Negro,female,adult,Acero quirúrgico,Argollas de cristal
AG-009,Argollas Cristal Multicolor – Aros artesanales hechos a mano | Karivé Joyas,"Argollas Cristal Multicolor de Karivé Joyas. Aros artesanales hechos a mano en Chile, con base de acero quirúrgico. Medida Aprox. 3.5cm. Colección Argollas de cristal. Código AG-009.",https://karivejoyas.github.io/catalogo/p/AG-009.html,https://karivejoyas.github.io/catalogo/assets/productos/argollas-multicolor.jpg,in_stock,6990 CLP,,new,Karivé Joyas,AG-009,no,Apparel & Accessories > Jewelry > Earrings,Joyería > Aros > Argollas de cristal,Multicolor,female,adult,Acero quirúrgico,Argollas de cristal
AG-010,Argollas Cristal Transparente – Aros artesanales hechos a mano | Karivé Joyas,"Argollas Cristal Transparente de Karivé Joyas. Aros artesanales hechos a mano en Chile, con base de acero quirúrgico. Medida Aprox. 3.5cm. Colección Argollas de cristal. Código AG-010.",https://karivejoyas.github.io/catalogo/p/AG-010.html,https://karivejoyas.github.io/catalogo/assets/productos/argollas-transparente.jpg,in_stock,6990 CLP,,new,Karivé Joyas,AG-010,no,Apparel & Accessories > Jewelry > Earrings,Joyería > Aros > Argollas de cristal,Transparente,female,adult,Acero quirúrgico,Argollas de cristal
AG-011,Argollas Mostacillas – Aros artesanales hechos a mano | Karivé Joyas,"Argollas Mostacillas de Karivé Joyas. Aros artesanales hechos a mano en Chile, con base de acero quirúrgico. Medida Aprox. 4cm. Colección Argollas de cristal. Código AG-011.",https://karivejoyas.github.io/catalogo/p/AG-011.html,https://karivejoyas.github.io/catalogo/assets/productos/argollas-pave.jpg,in_stock,8990 CLP,,new,Karivé Joyas,AG-011,no,Apparel & Accessories > Jewelry > Earrings,Joyería > Aros > Argollas de cristal,,female,adult,Acero quirúrgico,Argollas de cristal
AG-012,Argollas Cristal Turquesa – Aros artesanales hechos a mano | Karivé Joyas,"Argollas Cristal Turquesa de Karivé Joyas. Aros artesanales hechos a mano en Chile, con base de acero quirúrgico. Medida Aprox. 3cm. Colección Argollas de cristal. Código AG-012.",https://karivejoyas.github.io/catalogo/p/AG-012.html,https://karivejoyas.github.io/catalogo/assets/productos/AG-012.jpg,out_of_stock,6990 CLP,,new,Karivé Joyas,AG-012,no,Apparel & Accessories > Jewelry > Earrings,Joyería > Aros > Argollas de cristal,Turquesa,female,adult,Acero quirúrgico,Argollas de cristal
AG-013,Argollas Abanico Negro – Aros artesanales hechos a mano | Karivé Joyas,"Argollas Abanico Negro de Karivé Joyas. Aros artesanales hechos a mano en Chile, con base de acero quirúrgico. Medida Aprox. 7cm. Colección Argollas de cristal. Código AG-013.",https://karivejoyas.github.io/catalogo/p/AG-013.html,https://karivejoyas.github.io/catalogo/assets/productos/argollas-negro-abanico.jpg,in_stock,12990 CLP,,new,Karivé Joyas,AG-013,no,Apparel & Accessories > Jewelry > Earrings,Joyería > Aros > Argollas de cristal,Negro,female,adult,Acero quirúrgico,Argollas de cristal
AG-014,Argolla Cristal Aurora Azul – Aros artesanales hechos a mano | Karivé Joyas,"Argolla Cristal Aurora Azul de Karivé Joyas. Aros artesanales hechos a mano en Chile, con base de acero quirúrgico. Medida Aprox. 3cm. Colección Argollas de cristal. Código AG-014.",https://karivejoyas.github.io/catalogo/p/AG-014.html,https://karivejoyas.github.io/catalogo/assets/productos/AG-014.jpg,out_of_stock,8990 CLP,,new,Karivé Joyas,AG-014,no,Apparel & Accessories > Jewelry > Earrings,Joyería > Aros > Argollas de cristal,Azul,female,adult,Acero quirúrgico,Argollas de cristal
AG-015,Argollas Mandala Dorado – Aros artesanales hechos a mano | Karivé Joyas,"Argollas Mandala Dorado de Karivé Joyas. Aros artesanales hechos a mano en Chile, con base de acero quirúrgico. Medida Tejido a mano · dorado. Colección Argollas de cristal. Código AG-015.",https://karivejoyas.github.io/catalogo/p/AG-015.html,https://karivejoyas.github.io/catalogo/assets/productos/argollas-mandala-dorado.jpg,in_stock,12990 CLP,,new,Karivé Joyas,AG-015,no,Apparel & Accessories > Jewelry > Earrings,Joyería > Aros > Argollas de cristal,Dorado,female,adult,Acero quirúrgico,Argollas de cristal
AG-016,Argolla Cristal Aurora Blanco – Aros artesanales hechos a mano | Karivé Joyas,"Argolla Cristal Aurora Blanco de Karivé Joyas. Aros artesanales hechos a mano en Chile, con base de acero quirúrgico. Medida Aprox. 3cm. Colección Argollas de cristal. Código AG-016.",https://karivejoyas.github.io/catalogo/p/AG-016.html,https://karivejoyas.github.io/catalogo/assets/productos/AG-016.jpg,out_of_stock,8990 CLP,,new,Karivé Joyas,AG-016,no,Apparel & Accessories > Jewelry > Earrings,Joyería > Aros > Argollas de cristal,Blanco,female,adult,Acero quirúrgico,Argollas de cristal
AG-017,Argolla Cristal Aurora Dorado – Aros artesanales hechos a mano | Karivé Joyas,"Argolla Cristal Aurora Dorado de Karivé Joyas. Aros artesanales hechos a mano en Chile, con base de acero quirúrgico. Medida Aprox. 3cm. Colección Argollas de cristal. Código AG-017.",https://karivejoyas.github.io/catalogo/p/AG-017.html,https://karivejoyas.github.io/catalogo/assets/productos/AG-017.jpg,out_of_stock,8990 CLP,,new,Karivé Joyas,AG-017,no,Apparel & Accessories > Jewelry > Earrings,Joyería > Aros > Argollas de cristal,Dorado,female,adult,Acero quirúrgico,Argollas de cristal
AG-018,Argolla Cristal Aurora Rosa – Aros artesanales hechos a mano | Karivé Joyas,"Argolla Cristal Aurora Rosa de Karivé Joyas. Aros artesanales hechos a mano en Chile, con base de acero quirúrgico. Medida Aprox. 3cm. Colección Argollas de cristal. Código AG-018.",https://karivejoyas.github.io/catalogo/p/AG-018.html,https://karivejoyas.github.io/catalogo/assets/productos/AG-018.jpg,out_of_stock,8990 CLP,,new,Karivé Joyas,AG-018,no,Apparel & Accessories > Jewelry > Earrings,Joyería > Aros > Argollas de cristal,Rosa,female,adult,Acero quirúrgico,Argollas de cristal
AG-019,Argollas Cristal Rosa – Aros artesanales hechos a mano | Karivé Joyas,"Argollas Cristal Rosa de Karivé Joyas. Aros artesanales hechos a mano en Chile, con base de acero quirúrgico. Medida Aprox. 3cm. Colección Argollas de cristal. Código AG-019.",https://karivejoyas.github.io/catalogo/p/AG-019.html,https://karivejoyas.github.io/catalogo/assets/productos/AG-019.jpg,out_of_stock,6990 CLP,,new,Karivé Joyas,AG-019,no,Apparel & Accessories > Jewelry > Earrings,Joyería > Aros > Argollas de cristal,Rosa,female,adult,Acero quirúrgico,Argollas de cristal
AG-020,Argollas Mandala Estrella – Aros artesanales hechos a mano | Karivé Joyas,"Argollas Mandala Estrella de Karivé Joyas. Aros artesanales hechos a mano en Chile, con base de acero quirúrgico. Medida Aprox. 4cm de alto y de ancho 3cm. Colección Argollas de cristal. Código AG-020.",https://karivejoyas.github.io/catalogo/p/AG-020.html,https://karivejoyas.github.io/catalogo/assets/productos/AG-020.jpg,out_of_stock,12990 CLP,,new,Karivé Joyas,AG-020,no,Apparel & Accessories > Jewelry > Earrings,Joyería > Aros > Argollas de cristal,,female,adult,Acero quirúrgico,Argollas de cristal
AG-021,Argollas Cristal Verde – Aros artesanales hechos a mano | Karivé Joyas,"Argollas Cristal Verde de Karivé Joyas. Aros artesanales hechos a mano en Chile, con base de acero quirúrgico. Medida Aprox. 2.5cm. Colección Argollas de cristal. Código AG-021.",https://karivejoyas.github.io/catalogo/p/AG-021.html,https://karivejoyas.github.io/catalogo/assets/productos/AG-021.jpg,in_stock,4990 CLP,,new,Karivé Joyas,AG-021,no,Apparel & Accessories > Jewelry > Earrings,Joyería > Aros > Argollas de cristal,Verde,female,adult,Acero quirúrgico,Argollas de cristal
AG-022,Argollas Cristal Naranja – Aros artesanales hechos a mano | Karivé Joyas,"Argollas Cristal Naranja de Karivé Joyas. Aros artesanales hechos a mano en Chile, con base de acero quirúrgico. Medida Aprox. 3cm. Colección Argollas de cristal. Código AG-022.",https://karivejoyas.github.io/catalogo/p/AG-022.html,https://karivejoyas.github.io/catalogo/assets/productos/AG-022.jpg,in_stock,6990 CLP,,new,Karivé Joyas,AG-022,no,Apparel & Accessories > Jewelry > Earrings,Joyería > Aros > Argollas de cristal,Naranjo,female,adult,Acero quirúrgico,Argollas de cristal
AG-023,Argollas Cristal Negro – Aros artesanales hechos a mano | Karivé Joyas,"Argollas Cristal Negro de Karivé Joyas. Aros artesanales hechos a mano en Chile, con base de acero quirúrgico. Medida Aprox. 2.5cm. Colección Argollas de cristal. Código AG-023.",https://karivejoyas.github.io/catalogo/p/AG-023.html,https://karivejoyas.github.io/catalogo/assets/productos/AG-023.jpg,in_stock,4990 CLP,,new,Karivé Joyas,AG-023,no,Apparel & Accessories > Jewelry > Earrings,Joyería > Aros > Argollas de cristal,Negro,female,adult,Acero quirúrgico,Argollas de cristal
AG-024,Argollas Cristal Celeste – Aros artesanales hechos a mano | Karivé Joyas,"Argollas Cristal Celeste de Karivé Joyas. Aros artesanales hechos a mano en Chile, con base de acero quirúrgico. Medida Aprox. 2.5cm. Colección Argollas de cristal. Código AG-024.",https://karivejoyas.github.io/catalogo/p/AG-024.html,https://karivejoyas.github.io/catalogo/assets/productos/AG-024.jpg,in_stock,4990 CLP,,new,Karivé Joyas,AG-024,no,Apparel & Accessories > Jewelry > Earrings,Joyería > Aros > Argollas de cristal,Celeste,female,adult,Acero quirúrgico,Argollas de cristal
AG-025,Argollas Cristal Jade Verde – Aros artesanales hechos a mano | Karivé Joyas,"Argollas Cristal Jade Verde de Karivé Joyas. Aros artesanales hechos a mano en Chile, con base de acero quirúrgico. Medida Aprox. 3cm. Colección Argollas de cristal. Código AG-025.",https://karivejoyas.github.io/catalogo/p/AG-025.html,https://karivejoyas.github.io/catalogo/assets/productos/AG-025.jpg,in_stock,6990 CLP,,new,Karivé Joyas,AG-025,no,Apparel & Accessories > Jewelry > Earrings,Joyería > Aros > Argollas de cristal,Verde,female,adult,Acero quirúrgico,Argollas de cristal
AG-026,Argollas Cristal Lila – Aros artesanales hechos a mano | Karivé Joyas,"Argollas Cristal Lila de Karivé Joyas. Aros artesanales hechos a mano en Chile, con base de acero quirúrgico. Medida Aprox. 3cm. Colección Argollas de cristal. Código AG-026.",https://karivejoyas.github.io/catalogo/p/AG-026.html,https://karivejoyas.github.io/catalogo/assets/productos/AG-026.jpg,in_stock,6990 CLP,,new,Karivé Joyas,AG-026,no,Apparel & Accessories > Jewelry > Earrings,Joyería > Aros > Argollas de cristal,Lila,female,adult,Acero quirúrgico,Argollas de cristal
AG-027,Argollas Cristal Gris Humo – Aros artesanales hechos a mano | Karivé Joyas,"Argollas Cristal Gris Humo de Karivé Joyas. Aros artesanales hechos a mano en Chile, con base de acero quirúrgico. Medida Aprox. 2.5cm. Colección Argollas de cristal. Código AG-027.",https://karivejoyas.github.io/catalogo/p/AG-027.html,https://karivejoyas.github.io/catalogo/assets/productos/AG-027.jpg,in_stock,4990 CLP,,new,Karivé Joyas,AG-027,no,Apparel & Accessories > Jewelry > Earrings,Joyería > Aros > Argollas de cristal,Gris,female,adult,Acero quirúrgico,Argollas de cristal
CH-001,Aros Flor Plateada – Aros artesanales hechos a mano | Karivé Joyas,"Aros Flor Plateada de Karivé Joyas. Aros artesanales hechos a mano en Chile, con base de acero quirúrgico. Medida Aprox. 4cm de diámetro. Colección Charms. Código CH-001.",https://karivejoyas.github.io/catalogo/p/CH-001.html,https://karivejoyas.github.io/catalogo/assets/productos/flores-cristal.jpg,in_stock,6990 CLP,,new,Karivé Joyas,CH-001,no,Apparel & Accessories > Jewelry > Earrings,Joyería > Aros > Charms,Plateado,female,adult,Acero quirúrgico,Charms
CH-002,Aros Charms Corazón Celeste – Aros artesanales hechos a mano | Karivé Joyas,"Aros Charms Corazón Celeste de Karivé Joyas. Aros artesanales hechos a mano en Chile, con base de acero quirúrgico. Medida Aprox. 2.5cm. Colección Charms. Código CH-002.",https://karivejoyas.github.io/catalogo/p/CH-002.html,https://karivejoyas.github.io/catalogo/assets/productos/CH-002.jpg,out_of_stock,6990 CLP,,new,Karivé Joyas,CH-002,no,Apparel & Accessories > Jewelry > Earrings,Joyería > Aros > Charms,Celeste,female,adult,Acero quirúrgico,Charms
CH-003,Aros Flor Dorada – Aros artesanales hechos a mano | Karivé Joyas,"Aros Flor Dorada de Karivé Joyas. Aros artesanales hechos a mano en Chile, con base de acero quirúrgico. Medida Aprox. 3cm de diámetro. Colección Charms. Código CH-003.",https://karivejoyas.github.io/catalogo/p/CH-003.html,https://karivejoyas.github.io/catalogo/assets/productos/flores-amarillas-mini.jpg,in_stock,6990 CLP,,new,Karivé Joyas,CH-003,no,Apparel & Accessories > Jewelry > Earrings,Joyería > Aros > Charms,Dorado,female,adult,Acero quirúrgico,Charms
CH-004,Aros Charms Flor Celeste – Aros artesanales hechos a mano | Karivé Joyas,"Aros Charms Flor Celeste de Karivé Joyas. Aros artesanales hechos a mano en Chile, con base de acero quirúrgico. Medida Aprox. 2cm. Colección Charms. Código CH-004.",https://karivejoyas.github.io/catalogo/p/CH-004.html,https://karivejoyas.github.io/catalogo/assets/productos/CH-004.jpg,out_of_stock,6990 CLP,,new,Karivé Joyas,CH-004,no,Apparel & Accessories > Jewelry > Earrings,Joyería > Aros > Charms,Celeste,female,adult,Acero quirúrgico,Charms
CH-005,Charms Flor Celeste Dorado – Aros artesanales hechos a mano | Karivé Joyas,"Charms Flor Celeste Dorado de Karivé Joyas. Aros artesanales hechos a mano en Chile, con base de acero quirúrgico. Medida Aprox. 2cm. Colección Charms. Código CH-005.",https://karivejoyas.github.io/catalogo/p/CH-005.html,https://karivejoyas.github.io/catalogo/assets/productos/charms-flor-azul-oro.jpg,in_stock,6990 CLP,,new,Karivé Joyas,CH-005,no,Apparel & Accessories > Jewelry > Earrings,Joyería > Aros > Charms,Dorado,female,adult,Acero quirúrgico,Charms
CH-006,Charms Flor Blanca Dorado – Aros artesanales hechos a mano | Karivé Joyas,"Charms Flor Blanca Dorado de Karivé Joyas. Aros artesanales hechos a mano en Chile, con base de acero quirúrgico. Medida Argolla dorada · flor blanca. Colección Charms. Código CH-006.",https://karivejoyas.github.io/catalogo/p/CH-006.html,https://karivejoyas.github.io/catalogo/assets/productos/charms-flor-blanca-oro.jpg,in_stock,6990 CLP,,new,Karivé Joyas,CH-006,no,Apparel & Accessories > Jewelry > Earrings,Joyería > Aros > Charms,Dorado,female,adult,Acero quirúrgico,Charms
CH-007,Charms Flor Blanca Dorado – Aros artesanales hechos a mano | Karivé Joyas,"Charms Flor Blanca Dorado de Karivé Joyas. Aros artesanales hechos a mano en Chile, con base de acero quirúrgico. Medida Argolla plateada · flor blanca. Colección Charms. Código CH-007.",https://karivejoyas.github.io/catalogo/p/CH-007.html,https://karivejoyas.github.io/catalogo/assets/productos/charms-flor-blanca-plata.jpg,in_stock,6990 CLP,,new,Karivé Joyas,CH-007,no,Apparel & Accessories > Jewelry > Earrings,Joyería > Aros > Charms,Dorado,female,adult,Acero quirúrgico,Charms
CH-008,Aros Charms Donut Dorado – Aros artesanales hechos a mano | Karivé Joyas,"Aros Charms Donut Dorado de Karivé Joyas. Aros artesanales hechos a mano en Chile, con base de acero quirúrgico. Medida Aprox. 2.5cm. Colección Charms. Código CH-008.",https://karivejoyas.github.io/catalogo/p/CH-008.html,https://karivejoyas.github.io/catalogo/assets/productos/CH-008.jpg,out_of_stock,6990 CLP,,new,Karivé Joyas,CH-008,no,Apparel & Accessories > Jewelry > Earrings,Joyería > Aros > Charms,Dorado,female,adult,Acero quirúrgico,Charms
CH-009,Aros Charms Donut Verde – Aros artesanales hechos a mano | Karivé Joyas,"Aros Charms Donut Verde de Karivé Joyas. Aros artesanales hechos a mano en Chile, con base de acero quirúrgico. Medida Aprox. 2.5cm. Colección Charms. Código CH-009.",https://karivejoyas.github.io/catalogo/p/CH-009.html,https://karivejoyas.github.io/catalogo/assets/productos/CH-009.jpg,in_stock,6990 CLP,,new,Karivé Joyas,CH-009,no,Apparel & Accessories > Jewelry > Earrings,Joyería > Aros > Charms,Verde,female,adult,Acero quirúrgico,Charms
CH-010,Aros Charms Corazón Mostaza – Aros artesanales hechos a mano | Karivé Joyas,"Aros Charms Corazón Mostaza de Karivé Joyas. Aros artesanales hechos a mano en Chile, con base de acero quirúrgico. Medida Aprox. 2.5cm. Colección Charms. Código CH-010.",https://karivejoyas.github.io/catalogo/p/CH-010.html,https://karivejoyas.github.io/catalogo/assets/productos/CH-010.jpg,in_stock,6990 CLP,,new,Karivé Joyas,CH-010,no,Apparel & Accessories > Jewelry > Earrings,Joyería > Aros > Charms,Mostaza,female,adult,Acero quirúrgico,Charms
CH-011,Aros Charms Corazón Rosa – Aros artesanales hechos a mano | Karivé Joyas,"Aros Charms Corazón Rosa de Karivé Joyas. Aros artesanales hechos a mano en Chile, con base de acero quirúrgico. Medida Aprox. 2.5cm. Colección Charms. Código CH-011.",https://karivejoyas.github.io/catalogo/p/CH-011.html,https://karivejoyas.github.io/catalogo/assets/productos/CH-011.jpg,in_stock,6990 CLP,,new,Karivé Joyas,CH-011,no,Apparel & Accessories > Jewelry > Earrings,Joyería > Aros > Charms,Rosa,female,adult,Acero quirúrgico,Charms
CH-012,Aros Charms Flor Cobre – Aros artesanales hechos a mano | Karivé Joyas,"Aros Charms Flor Cobre de Karivé Joyas. Aros artesanales hechos a mano en Chile, con base de acero quirúrgico. Medida Aprox. 2cm. Colección Charms. Código CH-012.",https://karivejoyas.github.io/catalogo/p/CH-012.html,https://karivejoyas.github.io/catalogo/assets/productos/CH-012.jpg,in_stock,6990 CLP,,new,Karivé Joyas,CH-012,no,Apparel & Accessories > Jewelry > Earrings,Joyería > Aros > Charms,Cobre,female,adult,Acero quirúrgico,Charms
CH-013,Aros Charms Flor Azul – Aros artesanales hechos a mano | Karivé Joyas,"Aros Charms Flor Azul de Karivé Joyas. Aros artesanales hechos a mano en Chile, con base de acero quirúrgico. Medida Aprox. 2cm. Colección Charms. Código CH-013.",https://karivejoyas.github.io/catalogo/p/CH-013.html,https://karivejoyas.github.io/catalogo/assets/productos/CH-013.jpg,in_stock,6990 CLP,,new,Karivé Joyas,CH-013,no,Apparel & Accessories > Jewelry > Earrings,Joyería > Aros > Charms,Azul,female,adult,Acero quirúrgico,Charms
CH-014,Aros Charms Animal Print – Aros artesanales hechos a mano | Karivé Joyas,"Aros Charms Animal Print de Karivé Joyas. Aros artesanales hechos a mano en Chile, con base de acero quirúrgico. Medida Aprox. 3cm. Colección Charms. Código CH-014.",https://karivejoyas.github.io/catalogo/p/CH-014.html,https://karivejoyas.github.io/catalogo/assets/productos/CH-014.jpg,in_stock,6990 CLP,,new,Karivé Joyas,CH-014,no,Apparel & Accessories > Jewelry > Earrings,Joyería > Aros > Charms,,female,adult,Acero quirúrgico,Charms
CH-015,Aros Charms Rosa Brillos – Aros artesanales hechos a mano | Karivé Joyas,"Aros Charms Rosa Brillos de Karivé Joyas. Aros artesanales hechos a mano en Chile, con base de acero quirúrgico. Medida Aprox. 2cm. Colección Charms. Código CH-015.",https://karivejoyas.github.io/catalogo/p/CH-015.html,https://karivejoyas.github.io/catalogo/assets/productos/CH-015.jpg,in_stock,6990 CLP,,new,Karivé Joyas,CH-015,no,Apparel & Accessories > Jewelry > Earrings,Joyería > Aros > Charms,Rosa,female,adult,Acero quirúrgico,Charms
CH-016,Aros Charms Azul Rayas – Aros artesanales hechos a mano | Karivé Joyas,"Aros Charms Azul Rayas de Karivé Joyas. Aros artesanales hechos a mano en Chile, con base de acero quirúrgico. Medida Aprox. 4cm. Colección Charms. Código CH-016.",https://karivejoyas.github.io/catalogo/p/CH-016.html,https://karivejoyas.github.io/catalogo/assets/productos/CH-016.jpg,in_stock,6990 CLP,,new,Karivé Joyas,CH-016,no,Apparel & Accessories > Jewelry > Earrings,Joyería > Aros > Charms,Azul,female,adult,Acero quirúrgico,Charms
FS-001,Aros Corazón Rojo – Aros artesanales hechos a mano | Karivé Joyas,"Aros Corazón Rojo de Karivé Joyas. Aros artesanales hechos a mano en Chile, con base de acero quirúrgico. Medida Aprox. 5cm. Colección Fiestas. Código FS-001.",https://karivejoyas.github.io/catalogo/p/FS-001.html,https://karivejoyas.github.io/catalogo/assets/productos/FS-001.jpg,in_stock,6000 CLP,,new,Karivé Joyas,FS-001,no,Apparel & Accessories > Jewelry > Earrings,Joyería > Aros > Fiestas,Rojo,female,adult,Acero quirúrgico,Fiestas
FS-002,Aros Charm Flor Patria Dorado – Aros artesanales hechos a mano | Karivé Joyas,"Aros Charm Flor Patria Dorado de Karivé Joyas. Aros artesanales hechos a mano en Chile, con base de acero quirúrgico. Medida Aprox. 2.5cm. Colección Fiestas. Código FS-002.",https://karivejoyas.github.io/catalogo/p/FS-002.html,https://karivejoyas.github.io/catalogo/assets/productos/FS-002.jpg,in_stock,6000 CLP,,new,Karivé Joyas,FS-002,no,Apparel & Accessories > Jewelry > Earrings,Joyería > Aros > Fiestas,Dorado,female,adult,Acero quirúrgico,Fiestas
FS-003,Aros Charm Flor Patria Plateado – Aros artesanales hechos a mano | Karivé Joyas,"Aros Charm Flor Patria Plateado de Karivé Joyas. Aros artesanales hechos a mano en Chile, con base de acero quirúrgico. Medida Aprox. 2.5cm. Colección Fiestas. Código FS-003.",https://karivejoyas.github.io/catalogo/p/FS-003.html,https://karivejoyas.github.io/catalogo/assets/productos/FS-003.jpg,in_stock,6000 CLP,,new,Karivé Joyas,FS-003,no,Apparel & Accessories > Jewelry > Earrings,Joyería > Aros > Fiestas,Plateado,female,adult,Acero quirúrgico,Fiestas
FS-004,Aros Flores Tricolor – Aros artesanales hechos a mano | Karivé Joyas,"Aros Flores Tricolor de Karivé Joyas. Aros artesanales hechos a mano en Chile, con base de acero quirúrgico. Medida Aprox. 4.5cm. Colección Fiestas. Código FS-004.",https://karivejoyas.github.io/catalogo/p/FS-004.html,https://karivejoyas.github.io/catalogo/assets/productos/FS-004.jpg,in_stock,6000 CLP,,new,Karivé Joyas,FS-004,no,Apparel & Accessories > Jewelry > Earrings,Joyería > Aros > Fiestas,Multicolor,female,adult,Acero quirúrgico,Fiestas
FS-005,Aros Corazones Tricolor Plateado – Aros artesanales hechos a mano | Karivé Joyas,"Aros Corazones Tricolor Plateado de Karivé Joyas. Aros artesanales hechos a mano en Chile, con base de acero quirúrgico. Medida Aprox. 4.5cm. Colección Fiestas. Código FS-005.",https://karivejoyas.github.io/catalogo/p/FS-005.html,https://karivejoyas.github.io/catalogo/assets/productos/FS-005.jpg,in_stock,6000 CLP,,new,Karivé Joyas,FS-005,no,Apparel & Accessories > Jewelry > Earrings,Joyería > Aros > Fiestas,Plateado,female,adult,Acero quirúrgico,Fiestas
FS-006,Aros Corazón Tricolor Pequeño – Aros artesanales hechos a mano | Karivé Joyas,"Aros Corazón Tricolor Pequeño de Karivé Joyas. Aros artesanales hechos a mano en Chile, con base de acero quirúrgico. Medida Aprox. 2cm. Colección Fiestas. Código FS-006.",https://karivejoyas.github.io/catalogo/p/FS-006.html,https://karivejoyas.github.io/catalogo/assets/productos/FS-006.jpg,in_stock,3000 CLP,,new,Karivé Joyas,FS-006,no,Apparel & Accessories > Jewelry > Earrings,Joyería > Aros > Fiestas,Multicolor,female,adult,Acero quirúrgico,Fiestas
FS-007,Aros Flores Tricolor – Aros artesanales hechos a mano | Karivé Joyas,"Aros Flores Tricolor de Karivé Joyas. Aros artesanales hechos a mano en Chile, con base de acero quirúrgico. Medida Aprox. 4.5cm. Colección Fiestas. Código FS-007.",https://karivejoyas.github.io/catalogo/p/FS-007.html,https://karivejoyas.github.io/catalogo/assets/productos/FS-007.jpg,in_stock,6000 CLP,,new,Karivé Joyas,FS-007,no,Apparel & Accessories > Jewelry > Earrings,Joyería > Aros > Fiestas,Multicolor,female,adult,Acero quirúrgico,Fiestas
FS-008,Aros Corazón Tricolor Grande – Aros artesanales hechos a mano | Karivé Joyas,"Aros Corazón Tricolor Grande de Karivé Joyas. Aros artesanales hechos a mano en Chile, con base de acero quirúrgico. Medida Aprox. 5cm. Colección Fiestas. Código FS-008.",https://karivejoyas.github.io/catalogo/p/FS-008.html,https://karivejoyas.github.io/catalogo/assets/productos/FS-008.jpg,in_stock,5000 CLP,,new,Karivé Joyas,FS-008,no,Apparel & Accessories > Jewelry > Earrings,Joyería > Aros > Fiestas,Multicolor,female,adult,Acero quirúrgico,Fiestas
FS-009,Aros Círculos Tricolor – Aros artesanales hechos a mano | Karivé Joyas,"Aros Círculos Tricolor de Karivé Joyas. Aros artesanales hechos a mano en Chile, con base de acero quirúrgico. Medida Aprox. 4.5cm. Colección Fiestas. Código FS-009.",https://karivejoyas.github.io/catalogo/p/FS-009.html,https://karivejoyas.github.io/catalogo/assets/productos/FS-009.jpg,in_stock,5000 CLP,,new,Karivé Joyas,FS-009,no,Apparel & Accessories > Jewelry > Earrings,Joyería > Aros > Fiestas,Multicolor,female,adult,Acero quirúrgico,Fiestas
FS-010,Aros Remolino – Aros artesanales hechos a mano | Karivé Joyas,"Aros Remolino de Karivé Joyas. Aros artesanales hechos a mano en Chile, con base de acero quirúrgico. Medida Aprox. 4cm. Colección Fiestas. Código FS-010.",https://karivejoyas.github.io/catalogo/p/FS-010.html,https://karivejoyas.github.io/catalogo/assets/productos/FS-010.jpg,in_stock,8000 CLP,,new,Karivé Joyas,FS-010,no,Apparel & Accessories > Jewelry > Earrings,Joyería > Aros > Fiestas,,female,adult,Acero quirúrgico,Fiestas
FS-011,Aros Estrellas Tricolor – Aros artesanales hechos a mano | Karivé Joyas,"Aros Estrellas Tricolor de Karivé Joyas. Aros artesanales hechos a mano en Chile, con base de acero quirúrgico. Medida Aprox. 4cm. Colección Fiestas. Código FS-011.",https://karivejoyas.github.io/catalogo/p/FS-011.html,https://karivejoyas.github.io/catalogo/assets/productos/FS-011.jpg,in_stock,5000 CLP,,new,Karivé Joyas,FS-011,no,Apparel & Accessories > Jewelry > Earrings,Joyería > Aros > Fiestas,Multicolor,female,adult,Acero quirúrgico,Fiestas
FS-012,Aros Corazón Tricolor Dorado – Aros artesanales hechos a mano | Karivé Joyas,"Aros Corazón Tricolor Dorado de Karivé Joyas. Aros artesanales hechos a mano en Chile, con base de acero quirúrgico. Medida Aprox. 4.5cm. Colección Fiestas. Código FS-012.",https://karivejoyas.github.io/catalogo/p/FS-012.html,https://karivejoyas.github.io/catalogo/assets/productos/FS-012.jpg,in_stock,6000 CLP,,new,Karivé Joyas,FS-012,no,Apparel & Accessories > Jewelry > Earrings,Joyería > Aros > Fiestas,Dorado,female,adult,Acero quirúrgico,Fiestas
FS-013,Aros Corazón Pequeño – Aros artesanales hechos a mano | Karivé Joyas,"Aros Corazón Pequeño de Karivé Joyas. Aros artesanales hechos a mano en Chile, con base de acero quirúrgico. Medida Aprox. 2cm. Colección Fiestas. Código FS-013.",https://karivejoyas.github.io/catalogo/p/FS-013.html,https://karivejoyas.github.io/catalogo/assets/productos/FS-013.jpg,in_stock,3000 CLP,,new,Karivé Joyas,FS-013,no,Apparel & Accessories > Jewelry > Earrings,Joyería > Aros > Fiestas,,female,adult,Acero quirúrgico,Fiestas
FS-014,Aros Fiestas Patrias Mostacillas – Aros artesanales hechos a mano | Karivé Joyas,"Aros Fiestas Patrias Mostacillas de Karivé Joyas. Aros artesanales hechos a mano en Chile, con base de acero quirúrgico. Medida Aprox. 5cm. Colección Fiestas. Código FS-014.",https://karivejoyas.github.io/catalogo/p/FS-014.html,https://karivejoyas.github.io/catalogo/assets/productos/FS-014.jpg,in_stock,8000 CLP,,new,Karivé Joyas,FS-014,no,Apparel & Accessories > Jewelry > Earrings,Joyería > Aros > Fiestas,,female,adult,Acero quirúrgico,Fiestas
FS-015,Aros Fiestas Patrias Cristales – Aros artesanales hechos a mano | Karivé Joyas,"Aros Fiestas Patrias Cristales de Karivé Joyas. Aros artesanales hechos a mano en Chile, con base de acero quirúrgico. Medida Aprox. 3cm. Colección Fiestas. Código FS-015.",https://karivejoyas.github.io/catalogo/p/FS-015.html,https://karivejoyas.github.io/catalogo/assets/productos/FS-015.jpg,in_stock,6000 CLP,,new,Karivé Joyas,FS-015,no,Apparel & Accessories > Jewelry > Earrings,Joyería > Aros > Fiestas,,female,adult,Acero quirúrgico,Fiestas
FS-016,Argollas Sol Dorado – Aros artesanales hechos a mano | Karivé Joyas,"Argollas Sol Dorado de Karivé Joyas. Aros artesanales hechos a mano en Chile, con base de acero quirúrgico. Medida Aprox. 5cm. Colección Fiestas. Código FS-016.",https://karivejoyas.github.io/catalogo/p/FS-016.html,https://karivejoyas.github.io/catalogo/assets/productos/FS-016.jpg,in_stock,5990 CLP,,new,Karivé Joyas,FS-016,no,Apparel & Accessories > Jewelry > Earrings,Joyería > Aros > Fiestas,Dorado,female,adult,Acero quirúrgico,Fiestas
FL-001,Aros Media Flor Roja – Aros artesanales hechos a mano | Karivé Joyas,"Aros Media Flor Roja de Karivé Joyas. Aros artesanales hechos a mano en Chile, con base de acero quirúrgico. Medida Aprox. 5cm de diámetro. Colección Flores. Código FL-001.",https://karivejoyas.github.io/catalogo/p/FL-001.html,https://karivejoyas.github.io/catalogo/assets/productos/floron-rojo.jpg,in_stock,8990 CLP,,new,Karivé Joyas,FL-001,no,Apparel & Accessories > Jewelry > Earrings,Joyería > Aros > Flores,Rojo,female,adult,Acero quirúrgico,Flores
FL-002,Aros Media Flor Morada – Aros artesanales hechos a mano | Karivé Joyas,"Aros Media Flor Morada de Karivé Joyas. Aros artesanales hechos a mano en Chile, con base de acero quirúrgico. Medida Aprox. 5cm de diámetro. Colección Flores. Código FL-002.",https://karivejoyas.github.io/catalogo/p/FL-002.html,https://karivejoyas.github.io/catalogo/assets/productos/floron-morado.jpg,in_stock,10990 CLP,,new,Karivé Joyas,FL-002,no,Apparel & Accessories > Jewelry > Earrings,Joyería > Aros > Flores,Morado,female,adult,Acero quirúrgico,Flores
FL-003,Aros Media Flor Petróleo – Aros artesanales hechos a mano | Karivé Joyas,"Aros Media Flor Petróleo de Karivé Joyas. Aros artesanales hechos a mano en Chile, con base de acero quirúrgico. Medida Aprox. 5cm de diámetro. Colección Flores. Código FL-003.",https://karivejoyas.github.io/catalogo/p/FL-003.html,https://karivejoyas.github.io/catalogo/assets/productos/floron-azul.jpg,in_stock,10990 CLP,,new,Karivé Joyas,FL-003,no,Apparel & Accessories > Jewelry > Earrings,Joyería > Aros > Flores,Azul,female,adult,Acero quirúrgico,Flores
FL-004,Aros Media Flor Naranja – Aros artesanales hechos a mano | Karivé Joyas,"Aros Media Flor Naranja de Karivé Joyas. Aros artesanales hechos a mano en Chile, con base de acero quirúrgico. Medida Aprox. 5cm de diámetro. Colección Flores. Código FL-004.",https://karivejoyas.github.io/catalogo/p/FL-004.html,https://karivejoyas.github.io/catalogo/assets/productos/floron-naranjo.jpg,in_stock,10990 CLP,,new,Karivé Joyas,FL-004,no,Apparel & Accessories > Jewelry > Earrings,Joyería > Aros > Flores,Naranjo,female,adult,Acero quirúrgico,Flores
FL-005,Aros Media Flor Negra – Aros artesanales hechos a mano | Karivé Joyas,"Aros Media Flor Negra de Karivé Joyas. Aros artesanales hechos a mano en Chile, con base de acero quirúrgico. Medida Aprox. 5cm de diámetro. Colección Flores. Código FL-005.",https://karivejoyas.github.io/catalogo/p/FL-005.html,https://karivejoyas.github.io/catalogo/assets/productos/floron-negro.jpg,in_stock,10990 CLP,,new,Karivé Joyas,FL-005,no,Apparel & Accessories > Jewelry > Earrings,Joyería > Aros > Flores,Negro,female,adult,Acero quirúrgico,Flores
FL-006,Aros Media Flor Cobre – Aros artesanales hechos a mano | Karivé Joyas,"Aros Media Flor Cobre de Karivé Joyas. Aros artesanales hechos a mano en Chile, con base de acero quirúrgico. Medida Aprox. 5cm de diámetro. Colección Flores. Código FL-006.",https://karivejoyas.github.io/catalogo/p/FL-006.html,https://karivejoyas.github.io/catalogo/assets/productos/floron-cobre.jpg,in_stock,10990 CLP,,new,Karivé Joyas,FL-006,no,Apparel & Accessories > Jewelry > Earrings,Joyería > Aros > Flores,Cobre,female,adult,Acero quirúrgico,Flores
FL-007,Aros Media Flor Blanco Perla – Aros artesanales hechos a mano | Karivé Joyas,"Aros Media Flor Blanco Perla de Karivé Joyas. Aros artesanales hechos a mano en Chile, con base de acero quirúrgico. Medida Aprox. 5cm de diámetro. Colección Flores. Código FL-007.",https://karivejoyas.github.io/catalogo/p/FL-007.html,https://karivejoyas.github.io/catalogo/assets/productos/floron-blanco.jpg,in_stock,10990 CLP,,new,Karivé Joyas,FL-007,no,Apparel & Accessories > Jewelry > Earrings,Joyería > Aros > Flores,Blanco,female,adult,Acero quirúrgico,Flores
FL-008,Aros Media Flor Blanco – Aros artesanales hechos a mano | Karivé Joyas,"Aros Media Flor Blanco de Karivé Joyas. Aros artesanales hechos a mano en Chile, con base de acero quirúrgico. Medida Aprox. 3.5cm de diámetro. Colección Flores. Código FL-008.",https://karivejoyas.github.io/catalogo/p/FL-008.html,https://karivejoyas.github.io/catalogo/assets/productos/floron-blanco-perla.jpg,in_stock,7990 CLP,,new,Karivé Joyas,FL-008,no,Apparel & Accessories > Jewelry > Earrings,Joyería > Aros > Flores,Blanco,female,adult,Acero quirúrgico,Flores
FL-009,Argollas Flores Plateadas – Aros artesanales hechos a mano | Karivé Joyas,"Argollas Flores Plateadas de Karivé Joyas. Aros artesanales hechos a mano en Chile, con base de acero quirúrgico. Medida Aprox. 3.5cm de diámetro. Colección Flores. Código FL-009.",https://karivejoyas.github.io/catalogo/p/FL-009.html,https://karivejoyas.github.io/catalogo/assets/productos/flores-plateadas.jpg,in_stock,10990 CLP,,new,Karivé Joyas,FL-009,no,Apparel & Accessories > Jewelry > Earrings,Joyería > Aros > Flores,Plateado,female,adult,Acero quirúrgico,Flores
FL-010,Aros Flores Doradas – Aros artesanales hechos a mano | Karivé Joyas,"Aros Flores Doradas de Karivé Joyas. Aros artesanales hechos a mano en Chile, con base de acero quirúrgico. Medida Aprox. 3.5cm de diámetro. Colección Flores. Código FL-010.",https://karivejoyas.github.io/catalogo/p/FL-010.html,https://karivejoyas.github.io/catalogo/assets/productos/flores-amarillo-negro.jpg,in_stock,9990 CLP,,new,Karivé Joyas,FL-010,no,Apparel & Accessories > Jewelry > Earrings,Joyería > Aros > Flores,Dorado,female,adult,Acero quirúrgico,Flores
FL-011,Aros Flores Plateadas – Aros artesanales hechos a mano | Karivé Joyas,"Aros Flores Plateadas de Karivé Joyas. Aros artesanales hechos a mano en Chile, con base de acero quirúrgico. Medida Aprox. 3.5cm de diámetro. Colección Flores. Código FL-011.",https://karivejoyas.github.io/catalogo/p/FL-011.html,https://karivejoyas.github.io/catalogo/assets/productos/flores-blanco-negro-stand.jpg,in_stock,9990 CLP,,new,Karivé Joyas,FL-011,no,Apparel & Accessories > Jewelry > Earrings,Joyería > Aros > Flores,Plateado,female,adult,Acero quirúrgico,Flores
FL-012,Argollas Flores Doradas – Aros artesanales hechos a mano | Karivé Joyas,"Argollas Flores Doradas de Karivé Joyas. Aros artesanales hechos a mano en Chile, con base de acero quirúrgico. Medida Aprox. 3.5cm de diámetro. Colección Flores. Código FL-012.",https://karivejoyas.github.io/catalogo/p/FL-012.html,https://karivejoyas.github.io/catalogo/assets/productos/flores-amarillas.jpg,in_stock,10990 CLP,,new,Karivé Joyas,FL-012,no,Apparel & Accessories > Jewelry > Earrings,Joyería > Aros > Flores,Dorado,female,adult,Acero quirúrgico,Flores
FL-013,Aros Margaritas Blancas – Aros artesanales hechos a mano | Karivé Joyas,"Aros Margaritas Blancas de Karivé Joyas. Aros artesanales hechos a mano en Chile, con base de acero quirúrgico. Medida Aprox. 2.5cm de diámetro. Colección Flores. Código FL-013.",https://karivejoyas.github.io/catalogo/p/FL-013.html,https://karivejoyas.github.io/catalogo/assets/productos/margaritas-blancas.jpg,in_stock,5990 CLP,,new,Karivé Joyas,FL-013,no,Apparel & Accessories > Jewelry > Earrings,Joyería > Aros > Flores,Blanco,female,adult,Acero quirúrgico,Flores
FL-014,Aros Margaritas Blanco Perla – Aros artesanales hechos a mano | Karivé Joyas,"Aros Margaritas Blanco Perla de Karivé Joyas. Aros artesanales hechos a mano en Chile, con base de acero quirúrgico. Medida Aprox. 2.5cm de diámetro. Colección Flores. Código FL-014.",https://karivejoyas.github.io/catalogo/p/FL-014.html,https://karivejoyas.github.io/catalogo/assets/productos/margaritas-blancas-texturadas.jpg,in_stock,5990 CLP,,new,Karivé Joyas,FL-014,no,Apparel & Accessories > Jewelry > Earrings,Joyería > Aros > Flores,Blanco,female,adult,Acero quirúrgico,Flores
FL-015,Aros Margaritas Blanco Perla – Aros artesanales hechos a mano | Karivé Joyas,"Aros Margaritas Blanco Perla de Karivé Joyas. Aros artesanales hechos a mano en Chile, con base de acero quirúrgico. Medida Aprox. 4cm de largo. Colección Flores. Código FL-015.",https://karivejoyas.github.io/catalogo/p/FL-015.html,https://karivejoyas.github.io/catalogo/assets/productos/margaritas-blancas-colg.jpg,in_stock,5990 CLP,,new,Karivé Joyas,FL-015,no,Apparel & Accessories > Jewelry > Earrings,Joyería > Aros > Flores,Blanco,female,adult,Acero quirúrgico,Flores
FL-016,Aros Margaritas Blanco Perla – Aros artesanales hechos a mano | Karivé Joyas,"Aros Margaritas Blanco Perla de Karivé Joyas. Aros artesanales hechos a mano en Chile, con base de acero quirúrgico. Medida Aprox. 1.5cm de diámetro. Colección Flores. Código FL-016.",https://karivejoyas.github.io/catalogo/p/FL-016.html,https://karivejoyas.github.io/catalogo/assets/productos/margaritas-blancas-topo.jpg,in_stock,2990 CLP,,new,Karivé Joyas,FL-016,no,Apparel & Accessories > Jewelry > Earrings,Joyería > Aros > Flores,Blanco,female,adult,Acero quirúrgico,Flores
FL-017,Aros Margaritas Rojas – Aros artesanales hechos a mano | Karivé Joyas,"Aros Margaritas Rojas de Karivé Joyas. Aros artesanales hechos a mano en Chile, con base de acero quirúrgico. Medida Aprox. 1.5cm de diámetro. Colección Flores. Código FL-017.",https://karivejoyas.github.io/catalogo/p/FL-017.html,https://karivejoyas.github.io/catalogo/assets/productos/margaritas-rojas.jpg,in_stock,2990 CLP,,new,Karivé Joyas,FL-017,no,Apparel & Accessories > Jewelry > Earrings,Joyería > Aros > Flores,Rojo,female,adult,Acero quirúrgico,Flores
FL-018,Aros Margaritas Blancas – Aros artesanales hechos a mano | Karivé Joyas,"Aros Margaritas Blancas de Karivé Joyas. Aros artesanales hechos a mano en Chile, con base de acero quirúrgico. Medida Aprox. 1.5cm de largo. Colección Flores. Código FL-018.",https://karivejoyas.github.io/catalogo/p/FL-018.html,https://karivejoyas.github.io/catalogo/assets/productos/margaritas-blancas-colg2.jpg,in_stock,2990 CLP,,new,Karivé Joyas,FL-018,no,Apparel & Accessories > Jewelry > Earrings,Joyería > Aros > Flores,Blanco,female,adult,Acero quirúrgico,Flores
FL-019,Aros Flor Argolla Celeste Brillos – Aros artesanales hechos a mano | Karivé Joyas,"Aros Flor Argolla Celeste Brillos de Karivé Joyas. Aros artesanales hechos a mano en Chile, con base de acero quirúrgico. Medida Aprox. 3.5 cm. Colección Flores. Código FL-019.",https://karivejoyas.github.io/catalogo/p/FL-019.html,https://karivejoyas.github.io/catalogo/assets/productos/FL-019.jpg,in_stock,10990 CLP,,new,Karivé Joyas,FL-019,no,Apparel & Accessories > Jewelry > Earrings,Joyería > Aros > Flores,Celeste,female,adult,Acero quirúrgico,Flores
FL-020,Aros Flor Argolla Cobre – Aros artesanales hechos a mano | Karivé Joyas,"Aros Flor Argolla Cobre de Karivé Joyas. Aros artesanales hechos a mano en Chile, con base de acero quirúrgico. Medida Aprox. 3.5 cm. Colección Flores. Código FL-020.",https://karivejoyas.github.io/catalogo/p/FL-020.html,https://karivejoyas.github.io/catalogo/assets/productos/FL-020.jpg,in_stock,10990 CLP,,new,Karivé Joyas,FL-020,no,Apparel & Accessories > Jewelry > Earrings,Joyería > Aros > Flores,Cobre,female,adult,Acero quirúrgico,Flores
FL-021,Aros Flor Argolla Azul – Aros artesanales hechos a mano | Karivé Joyas,"Aros Flor Argolla Azul de Karivé Joyas. Aros artesanales hechos a mano en Chile, con base de acero quirúrgico. Medida Aprox. 3.5 cm. Colección Flores. Código FL-021.",https://karivejoyas.github.io/catalogo/p/FL-021.html,https://karivejoyas.github.io/catalogo/assets/productos/FL-021.jpg,in_stock,10990 CLP,,new,Karivé Joyas,FL-021,no,Apparel & Accessories > Jewelry > Earrings,Joyería > Aros > Flores,Azul,female,adult,Acero quirúrgico,Flores
FL-022,Aros Flor Argolla Mostaza Brillos – Aros artesanales hechos a mano | Karivé Joyas,"Aros Flor Argolla Mostaza Brillos de Karivé Joyas. Aros artesanales hechos a mano en Chile, con base de acero quirúrgico. Medida Aprox. 3.5 cm. Colección Flores. Código FL-022.",https://karivejoyas.github.io/catalogo/p/FL-022.html,https://karivejoyas.github.io/catalogo/assets/productos/FL-022.jpg,in_stock,10990 CLP,,new,Karivé Joyas,FL-022,no,Apparel & Accessories > Jewelry > Earrings,Joyería > Aros > Flores,Mostaza,female,adult,Acero quirúrgico,Flores
FL-023,Aros Flor Argolla Margarita – Aros artesanales hechos a mano | Karivé Joyas,"Aros Flor Argolla Margarita de Karivé Joyas. Aros artesanales hechos a mano en Chile, con base de acero quirúrgico. Medida Aprox. 5 cm de alto(con argolla) y 3 de ancho. Colección Flores. Código FL-023.",https://karivejoyas.github.io/catalogo/p/FL-023.html,https://karivejoyas.github.io/catalogo/assets/productos/FL-023.jpg,in_stock,6990 CLP,,new,Karivé Joyas,FL-023,no,Apparel & Accessories > Jewelry > Earrings,Joyería > Aros > Flores,,female,adult,Acero quirúrgico,Flores
FL-024,Aros Flor Rosa – Aros artesanales hechos a mano | Karivé Joyas,"Aros Flor Rosa de Karivé Joyas. Aros artesanales hechos a mano en Chile, con base de acero quirúrgico. Medida Aprox. 5 cm de alto(con argolla) y 3 de ancho. Colección Flores. Código FL-024.",https://karivejoyas.github.io/catalogo/p/FL-024.html,https://karivejoyas.github.io/catalogo/assets/productos/FL-024.jpg,in_stock,6990 CLP,,new,Karivé Joyas,FL-024,no,Apparel & Accessories > Jewelry > Earrings,Joyería > Aros > Flores,Rosa,female,adult,Acero quirúrgico,Flores
FL-025,Aros Flor Rosa – Aros artesanales hechos a mano | Karivé Joyas,"Aros Flor Rosa de Karivé Joyas. Aros artesanales hechos a mano en Chile, con base de acero quirúrgico. Medida Aprox. 5 cm de alto(con argolla) y 3 de ancho. Colección Flores. Código FL-025.",https://karivejoyas.github.io/catalogo/p/FL-025.html,https://karivejoyas.github.io/catalogo/assets/productos/FL-025.jpg,in_stock,6990 CLP,,new,Karivé Joyas,FL-025,no,Apparel & Accessories > Jewelry > Earrings,Joyería > Aros > Flores,Rosa,female,adult,Acero quirúrgico,Flores
FL-026,Aros Flor Roja – Aros artesanales hechos a mano | Karivé Joyas,"Aros Flor Roja de Karivé Joyas. Aros artesanales hechos a mano en Chile, con base de acero quirúrgico. Medida Aprox. 5 cm de alto(con argolla) y 3 de ancho. Colección Flores. Código FL-026.",https://karivejoyas.github.io/catalogo/p/FL-026.html,https://karivejoyas.github.io/catalogo/assets/productos/FL-026.jpg,in_stock,6990 CLP,,new,Karivé Joyas,FL-026,no,Apparel & Accessories > Jewelry > Earrings,Joyería > Aros > Flores,Rojo,female,adult,Acero quirúrgico,Flores
FL-027,Aros Media-Flor Argolla Margarita – Aros artesanales hechos a mano | Karivé Joyas,"Aros Media-Flor Argolla Margarita de Karivé Joyas. Aros artesanales hechos a mano en Chile, con base de acero quirúrgico. Medida Aprox. 5 cm de alto(con argolla) y 2.5 de ancho. Colección Flores. Código FL-027.",https://karivejoyas.github.io/catalogo/p/FL-027.html,https://karivejoyas.github.io/catalogo/assets/productos/FL-027.jpg,in_stock,6990 CLP,,new,Karivé Joyas,FL-027,no,Apparel & Accessories > Jewelry > Earrings,Joyería > Aros > Flores,,female,adult,Acero quirúrgico,Flores
FL-028,Aros Flor RoJa – Aros artesanales hechos a mano | Karivé Joyas,"Aros Flor RoJa de Karivé Joyas. Aros artesanales hechos a mano en Chile, con base de acero quirúrgico. Medida Aprox. 4 cm de alto(con argolla) y 3 de ancho. Colección Flores. Código FL-028.",https://karivejoyas.github.io/catalogo/p/FL-028.html,https://karivejoyas.github.io/catalogo/assets/productos/FL-028.jpg,in_stock,6990 CLP,,new,Karivé Joyas,FL-028,no,Apparel & Accessories > Jewelry > Earrings,Joyería > Aros > Flores,Rojo,female,adult,Acero quirúrgico,Flores
MA-001,Aros Concha Arena Plateado – Aros artesanales hechos a mano | Karivé Joyas,"Aros Concha Arena Plateado de Karivé Joyas. Aros artesanales hechos a mano en Chile, con base de acero quirúrgico. Medida Aprox. 3.5cm(Con Argolla). Colección Marina. Código MA-001.",https://karivejoyas.github.io/catalogo/p/MA-001.html,https://karivejoyas.github.io/catalogo/assets/productos/MA-001.jpg,in_stock,6990 CLP,,new,Karivé Joyas,MA-001,no,Apparel & Accessories > Jewelry > Earrings,Joyería > Aros > Marina,Plateado,female,adult,Acero quirúrgico,Marina
MA-002,Aros Concha Blanca Dorado – Aros artesanales hechos a mano | Karivé Joyas,"Aros Concha Blanca Dorado de Karivé Joyas. Aros artesanales hechos a mano en Chile, con base de acero quirúrgico. Medida Aprox. 3.5cm(Con Argolla). Colección Marina. Código MA-002.",https://karivejoyas.github.io/catalogo/p/MA-002.html,https://karivejoyas.github.io/catalogo/assets/productos/MA-002.jpg,in_stock,6990 CLP,,new,Karivé Joyas,MA-002,no,Apparel & Accessories > Jewelry > Earrings,Joyería > Aros > Marina,Dorado,female,adult,Acero quirúrgico,Marina
MA-003,Aros Estrella de Mar Arena Plateado – Aros artesanales hechos a mano | Karivé Joyas,"Aros Estrella de Mar Arena Plateado de Karivé Joyas. Aros artesanales hechos a mano en Chile, con base de acero quirúrgico. Medida Aprox. 3.5cm(Con Argolla). Colección Marina. Código MA-003.",https://karivejoyas.github.io/catalogo/p/MA-003.html,https://karivejoyas.github.io/catalogo/assets/productos/MA-003.jpg,in_stock,6990 CLP,,new,Karivé Joyas,MA-003,no,Apparel & Accessories > Jewelry > Earrings,Joyería > Aros > Marina,Plateado,female,adult,Acero quirúrgico,Marina
MA-004,Aros Conchita Blanca Plateado – Aros artesanales hechos a mano | Karivé Joyas,"Aros Conchita Blanca Plateado de Karivé Joyas. Aros artesanales hechos a mano en Chile, con base de acero quirúrgico. Medida Aprox. 3.5cm(Con Argolla). Colección Marina. Código MA-004.",https://karivejoyas.github.io/catalogo/p/MA-004.html,https://karivejoyas.github.io/catalogo/assets/productos/MA-004.jpg,in_stock,6990 CLP,,new,Karivé Joyas,MA-004,no,Apparel & Accessories > Jewelry > Earrings,Joyería > Aros > Marina,Plateado,female,adult,Acero quirúrgico,Marina
MA-005,Aros Conchita Blanca Dorado – Aros artesanales hechos a mano | Karivé Joyas,"Aros Conchita Blanca Dorado de Karivé Joyas. Aros artesanales hechos a mano en Chile, con base de acero quirúrgico. Medida Aprox. 3.5cm(Con Argolla). Colección Marina. Código MA-005.",https://karivejoyas.github.io/catalogo/p/MA-005.html,https://karivejoyas.github.io/catalogo/assets/productos/MA-005.jpg,in_stock,6990 CLP,,new,Karivé Joyas,MA-005,no,Apparel & Accessories > Jewelry > Earrings,Joyería > Aros > Marina,Dorado,female,adult,Acero quirúrgico,Marina
MA-006,Aros Conchita Arena Dorado – Aros artesanales hechos a mano | Karivé Joyas,"Aros Conchita Arena Dorado de Karivé Joyas. Aros artesanales hechos a mano en Chile, con base de acero quirúrgico. Medida Aprox. 3.5cm(Con Argolla). Colección Marina. Código MA-006.",https://karivejoyas.github.io/catalogo/p/MA-006.html,https://karivejoyas.github.io/catalogo/assets/productos/MA-006.jpg,in_stock,6990 CLP,,new,Karivé Joyas,MA-006,no,Apparel & Accessories > Jewelry > Earrings,Joyería > Aros > Marina,Dorado,female,adult,Acero quirúrgico,Marina
MA-007,Aros Concha Blanca Plateado – Aros artesanales hechos a mano | Karivé Joyas,"Aros Concha Blanca Plateado de Karivé Joyas. Aros artesanales hechos a mano en Chile, con base de acero quirúrgico. Medida Aprox. 3.5cm(Con Argolla). Colección Marina. Código MA-007.",https://karivejoyas.github.io/catalogo/p/MA-007.html,https://karivejoyas.github.io/catalogo/assets/productos/MA-007.jpg,in_stock,6990 CLP,,new,Karivé Joyas,MA-007,no,Apparel & Accessories > Jewelry > Earrings,Joyería > Aros > Marina,Plateado,female,adult,Acero quirúrgico,Marina
MA-008,Aros Conchita Blanca Dorado – Aros artesanales hechos a mano | Karivé Joyas,"Aros Conchita Blanca Dorado de Karivé Joyas. Aros artesanales hechos a mano en Chile, con base de acero quirúrgico. Medida Aprox. 3.5cm(Con Argolla). Colección Marina. Código MA-008.",https://karivejoyas.github.io/catalogo/p/MA-008.html,https://karivejoyas.github.io/catalogo/assets/productos/MA-008.jpg,in_stock,6990 CLP,,new,Karivé Joyas,MA-008,no,Apparel & Accessories > Jewelry > Earrings,Joyería > Aros > Marina,Dorado,female,adult,Acero quirúrgico,Marina
MA-009,Aros Concha Arena Dorado – Aros artesanales hechos a mano | Karivé Joyas,"Aros Concha Arena Dorado de Karivé Joyas. Aros artesanales hechos a mano en Chile, con base de acero quirúrgico. Medida Aprox. 3.5cm(Con Argolla). Colección Marina. Código MA-009.",https://karivejoyas.github.io/catalogo/p/MA-009.html,https://karivejoyas.github.io/catalogo/assets/productos/MA-009.jpg,in_stock,6990 CLP,,new,Karivé Joyas,MA-009,no,Apparel & Accessories > Jewelry > Earrings,Joyería > Aros > Marina,Dorado,female,adult,Acero quirúrgico,Marina
MA-010,Aros Conchita Arena Plateado – Aros artesanales hechos a mano | Karivé Joyas,"Aros Conchita Arena Plateado de Karivé Joyas. Aros artesanales hechos a mano en Chile, con base de acero quirúrgico. Medida Aprox. 3.5cm(Con Argolla). Colección Marina. Código MA-010.",https://karivejoyas.github.io/catalogo/p/MA-010.html,https://karivejoyas.github.io/catalogo/assets/productos/MA-010.jpg,in_stock,6990 CLP,,new,Karivé Joyas,MA-010,no,Apparel & Accessories > Jewelry > Earrings,Joyería > Aros > Marina,Plateado,female,adult,Acero quirúrgico,Marina
MA-011,Aros Estrella de Mar Arena Dorado – Aros artesanales hechos a mano | Karivé Joyas,"Aros Estrella de Mar Arena Dorado de Karivé Joyas. Aros artesanales hechos a mano en Chile, con base de acero quirúrgico. Medida Aprox. 3.5cm(Con Argolla). Colección Marina. Código MA-011.",https://karivejoyas.github.io/catalogo/p/MA-011.html,https://karivejoyas.github.io/catalogo/assets/productos/MA-011.jpg,in_stock,6990 CLP,,new,Karivé Joyas,MA-011,no,Apparel & Accessories > Jewelry > Earrings,Joyería > Aros > Marina,Dorado,female,adult,Acero quirúrgico,Marina
MA-012,Aros Conchita Arena Dorado – Aros artesanales hechos a mano | Karivé Joyas,"Aros Conchita Arena Dorado de Karivé Joyas. Aros artesanales hechos a mano en Chile, con base de acero quirúrgico. Medida Aprox. 3.5cm(Con Argolla). Colección Marina. Código MA-012.",https://karivejoyas.github.io/catalogo/p/MA-012.html,https://karivejoyas.github.io/catalogo/assets/productos/MA-012.jpg,in_stock,6990 CLP,,new,Karivé Joyas,MA-012,no,Apparel & Accessories > Jewelry > Earrings,Joyería > Aros > Marina,Dorado,female,adult,Acero quirúrgico,Marina
MA-013,Aros Conchitas Mármol Azul – Aros artesanales hechos a mano | Karivé Joyas,"Aros Conchitas Mármol Azul de Karivé Joyas. Aros artesanales hechos a mano en Chile, con base de acero quirúrgico. Medida Aprox. 3.5cm. Colección Marina. Código MA-013.",https://karivejoyas.github.io/catalogo/p/MA-013.html,https://karivejoyas.github.io/catalogo/assets/productos/MA-013.jpg,in_stock,6990 CLP,,new,Karivé Joyas,MA-013,no,Apparel & Accessories > Jewelry > Earrings,Joyería > Aros > Marina,Azul,female,adult,Acero quirúrgico,Marina
OT-001,Donuts Celeste – Aros artesanales hechos a mano | Karivé Joyas,"Donuts Celeste de Karivé Joyas. Aros artesanales hechos a mano en Chile, con base de acero quirúrgico. Medida Aprox. 2.5cm. Colección Otros. Código OT-001.",https://karivejoyas.github.io/catalogo/p/OT-001.html,https://karivejoyas.github.io/catalogo/assets/productos/charms-donut-azul.jpg,in_stock,4990 CLP,,new,Karivé Joyas,OT-001,no,Apparel & Accessories > Jewelry > Earrings,Joyería > Aros > Otros,Celeste,female,adult,Acero quirúrgico,Otros
OT-002,Charms Donut Marino – Aros artesanales hechos a mano | Karivé Joyas,"Charms Donut Marino de Karivé Joyas. Aros artesanales hechos a mano en Chile, con base de acero quirúrgico. Medida Aprox. 2.5cm. Colección Otros. Código OT-002.",https://karivejoyas.github.io/catalogo/p/OT-002.html,https://karivejoyas.github.io/catalogo/assets/productos/charms-donut-marino.jpg,in_stock,4990 CLP,,new,Karivé Joyas,OT-002,no,Apparel & Accessories > Jewelry > Earrings,Joyería > Aros > Otros,Azul,female,adult,Acero quirúrgico,Otros
OT-003,Donuts Rosa – Aros artesanales hechos a mano | Karivé Joyas,"Donuts Rosa de Karivé Joyas. Aros artesanales hechos a mano en Chile, con base de acero quirúrgico. Medida Aprox. 2.5cm. Colección Otros. Código OT-003.",https://karivejoyas.github.io/catalogo/p/OT-003.html,https://karivejoyas.github.io/catalogo/assets/productos/charms-donut-blanco.jpg,in_stock,4990 CLP,,new,Karivé Joyas,OT-003,no,Apparel & Accessories > Jewelry > Earrings,Joyería > Aros > Otros,Rosa,female,adult,Acero quirúrgico,Otros
OT-004,Aros Corazón Rombo Mármol Azul – Aros artesanales hechos a mano | Karivé Joyas,"Aros Corazón Rombo Mármol Azul de Karivé Joyas. Aros artesanales hechos a mano en Chile, con base de acero quirúrgico. Medida Aprox. 5cm. Colección Otros. Código OT-004.",https://karivejoyas.github.io/catalogo/p/OT-004.html,https://karivejoyas.github.io/catalogo/assets/productos/OT-004.jpg,in_stock,6990 CLP,,new,Karivé Joyas,OT-004,no,Apparel & Accessories > Jewelry > Earrings,Joyería > Aros > Otros,Azul,female,adult,Acero quirúrgico,Otros
OT-005,Aros Corazón Mármol Azul – Aros artesanales hechos a mano | Karivé Joyas,"Aros Corazón Mármol Azul de Karivé Joyas. Aros artesanales hechos a mano en Chile, con base de acero quirúrgico. Medida Aprox. 4.5cm. Colección Otros. Código OT-005.",https://karivejoyas.github.io/catalogo/p/OT-005.html,https://karivejoyas.github.io/catalogo/assets/productos/OT-005.jpg,in_stock,6990 CLP,,new,Karivé Joyas,OT-005,no,Apparel & Accessories > Jewelry > Earrings,Joyería > Aros > Otros,Azul,female,adult,Acero quirúrgico,Otros
OT-006,Aros Gota Mármol Azul – Aros artesanales hechos a mano | Karivé Joyas,"Aros Gota Mármol Azul de Karivé Joyas. Aros artesanales hechos a mano en Chile, con base de acero quirúrgico. Medida Aprox. 4.5cm. Colección Otros. Código OT-006.",https://karivejoyas.github.io/catalogo/p/OT-006.html,https://karivejoyas.github.io/catalogo/assets/productos/OT-006.jpg,in_stock,6990 CLP,,new,Karivé Joyas,OT-006,no,Apparel & Accessories > Jewelry > Earrings,Joyería > Aros > Otros,Azul,female,adult,Acero quirúrgico,Otros
OT-007,Aros Corazón Hojitas Brillos – Aros artesanales hechos a mano | Karivé Joyas,"Aros Corazón Hojitas Brillos de Karivé Joyas. Aros artesanales hechos a mano en Chile, con base de acero quirúrgico. Medida Aprox. 6cm. Colección Otros. Código OT-007.",https://karivejoyas.github.io/catalogo/p/OT-007.html,https://karivejoyas.github.io/catalogo/assets/productos/OT-007.jpg,in_stock,7990 CLP,,new,Karivé Joyas,OT-007,no,Apparel & Accessories > Jewelry > Earrings,Joyería > Aros > Otros,,female,adult,Acero quirúrgico,Otros
OT-008,Aros Figuras Brillos – Aros artesanales hechos a mano | Karivé Joyas,"Aros Figuras Brillos de Karivé Joyas. Aros artesanales hechos a mano en Chile, con base de acero quirúrgico. Medida Aprox. 6cm. Colección Otros. Código OT-008.",https://karivejoyas.github.io/catalogo/p/OT-008.html,https://karivejoyas.github.io/catalogo/assets/productos/OT-008.jpg,in_stock,8990 CLP,,new,Karivé Joyas,OT-008,no,Apparel & Accessories > Jewelry > Earrings,Joyería > Aros > Otros,,female,adult,Acero quirúrgico,Otros
OT-009,Aros Hojitas Brillos – Aros artesanales hechos a mano | Karivé Joyas,"Aros Hojitas Brillos de Karivé Joyas. Aros artesanales hechos a mano en Chile, con base de acero quirúrgico. Medida Aprox. 6cm. Colección Otros. Código OT-009.",https://karivejoyas.github.io/catalogo/p/OT-009.html,https://karivejoyas.github.io/catalogo/assets/productos/OT-009.jpg,in_stock,8990 CLP,,new,Karivé Joyas,OT-009,no,Apparel & Accessories > Jewelry > Earrings,Joyería > Aros > Otros,,female,adult,Acero quirúrgico,Otros
OT-010,Aros Azul Rayas – Aros artesanales hechos a mano | Karivé Joyas,"Aros Azul Rayas de Karivé Joyas. Aros artesanales hechos a mano en Chile, con base de acero quirúrgico. Medida Aprox. 4cm. Colección Otros. Código OT-010.",https://karivejoyas.github.io/catalogo/p/OT-010.html,https://karivejoyas.github.io/catalogo/assets/productos/OT-010.jpg,in_stock,6990 CLP,,new,Karivé Joyas,OT-010,no,Apparel & Accessories > Jewelry > Earrings,Joyería > Aros > Otros,Azul,female,adult,Acero quirúrgico,Otros
OT-011,Aros Verde Lima Rayas – Aros artesanales hechos a mano | Karivé Joyas,"Aros Verde Lima Rayas de Karivé Joyas. Aros artesanales hechos a mano en Chile, con base de acero quirúrgico. Medida Aprox. 5cm. Colección Otros. Código OT-011.",https://karivejoyas.github.io/catalogo/p/OT-011.html,https://karivejoyas.github.io/catalogo/assets/productos/OT-011.jpg,in_stock,6990 CLP,,new,Karivé Joyas,OT-011,no,Apparel & Accessories > Jewelry > Earrings,Joyería > Aros > Otros,Verde,female,adult,Acero quirúrgico,Otros
TP-001,Aros Corazón Dorado – Aros artesanales hechos a mano | Karivé Joyas,"Aros Corazón Dorado de Karivé Joyas. Aros artesanales hechos a mano en Chile, con base de acero quirúrgico. Medida Aprox. 2cm. Colección Corazones. Código TP-001.",https://karivejoyas.github.io/catalogo/p/TP-001.html,https://karivejoyas.github.io/catalogo/assets/productos/topos-corazon-dorado.jpg,in_stock,6990 CLP,,new,Karivé Joyas,TP-001,no,Apparel & Accessories > Jewelry > Earrings,Joyería > Aros > Corazones,Dorado,female,adult,Acero quirúrgico,Corazones
TP-002,Topos Corazón Celeste – Aros artesanales hechos a mano | Karivé Joyas,"Topos Corazón Celeste de Karivé Joyas. Aros artesanales hechos a mano en Chile, con base de acero quirúrgico. Medida Aprox. 2cm. Colección Corazones. Código TP-002.",https://karivejoyas.github.io/catalogo/p/TP-002.html,https://karivejoyas.github.io/catalogo/assets/productos/topos-corazon-celeste.jpg,in_stock,6990 CLP,,new,Karivé Joyas,TP-002,no,Apparel & Accessories > Jewelry > Earrings,Joyería > Aros > Corazones,Celeste,female,adult,Acero quirúrgico,Corazones
TP-003,Topos Botón Celeste – Aros artesanales hechos a mano | Karivé Joyas,"Topos Botón Celeste de Karivé Joyas. Aros artesanales hechos a mano en Chile, con base de acero quirúrgico. Medida Aprox. 1.2cm. Colección Corazones. Código TP-003.",https://karivejoyas.github.io/catalogo/p/TP-003.html,https://karivejoyas.github.io/catalogo/assets/productos/topos-boton-celeste.jpg,in_stock,6990 CLP,,new,Karivé Joyas,TP-003,no,Apparel & Accessories > Jewelry > Earrings,Joyería > Aros > Corazones,Celeste,female,adult,Acero quirúrgico,Corazones
TP-004,Aros Mini Corazón-Beige – Aros artesanales hechos a mano | Karivé Joyas,"Aros Mini Corazón-Beige de Karivé Joyas. Aros artesanales hechos a mano en Chile, con base de acero quirúrgico. Medida Aprox. 1.5cm. Colección Corazones. Código TP-004.",https://karivejoyas.github.io/catalogo/p/TP-004.html,https://karivejoyas.github.io/catalogo/assets/productos/TP-004.jpg,out_of_stock,4990 CLP,,new,Karivé Joyas,TP-004,no,Apparel & Accessories > Jewelry > Earrings,Joyería > Aros > Corazones,Beige,female,adult,Acero quirúrgico,Corazones
TP-005,Aros Mini Corazón Morado – Aros artesanales hechos a mano | Karivé Joyas,"Aros Mini Corazón Morado de Karivé Joyas. Aros artesanales hechos a mano en Chile, con base de acero quirúrgico. Medida Aprox. 1.5cm. Colección Corazones. Código TP-005.",https://karivejoyas.github.io/catalogo/p/TP-005.html,https://karivejoyas.github.io/catalogo/assets/productos/TP-005.jpg,out_of_stock,4990 CLP,,new,Karivé Joyas,TP-005,no,Apparel & Accessories > Jewelry > Earrings,Joyería > Aros > Corazones,Morado,female,adult,Acero quirúrgico,Corazones
TP-006,Aros Mini Corazón Morado – Aros artesanales hechos a mano | Karivé Joyas,"Aros Mini Corazón Morado de Karivé Joyas. Aros artesanales hechos a mano en Chile, con base de acero quirúrgico. Medida Aprox. 1.5cm. Colección Corazones. Código TP-006.",https://karivejoyas.github.io/catalogo/p/TP-006.html,https://karivejoyas.github.io/catalogo/assets/productos/TP-006.jpg,out_of_stock,4990 CLP,,new,Karivé Joyas,TP-006,no,Apparel & Accessories > Jewelry > Earrings,Joyería > Aros > Corazones,Morado,female,adult,Acero quirúrgico,Corazones
TP-007,Aros Corazón Verde Lima – Aros artesanales hechos a mano | Karivé Joyas,"Aros Corazón Verde Lima de Karivé Joyas. Aros artesanales hechos a mano en Chile, con base de acero quirúrgico. Medida Aprox. 2cm. Colección Corazones. Código TP-007.",https://karivejoyas.github.io/catalogo/p/TP-007.html,https://karivejoyas.github.io/catalogo/assets/productos/TP-007.jpg,in_stock,3990 CLP,,new,Karivé Joyas,TP-007,no,Apparel & Accessories > Jewelry > Earrings,Joyería > Aros > Corazones,Verde,female,adult,Acero quirúrgico,Corazones
TP-008,Aros Corazón Animal Print – Aros artesanales hechos a mano | Karivé Joyas,"Aros Corazón Animal Print de Karivé Joyas. Aros artesanales hechos a mano en Chile, con base de acero quirúrgico. Medida Aprox. 4cm. Colección Corazones. Código TP-008.",https://karivejoyas.github.io/catalogo/p/TP-008.html,https://karivejoyas.github.io/catalogo/assets/productos/TP-008.jpg,in_stock,6990 CLP,,new,Karivé Joyas,TP-008,no,Apparel & Accessories > Jewelry > Earrings,Joyería > Aros > Corazones,,female,adult,Acero quirúrgico,Corazones
TP-009,Aros Corazón Animal Print – Aros artesanales hechos a mano | Karivé Joyas,"Aros Corazón Animal Print de Karivé Joyas. Aros artesanales hechos a mano en Chile, con base de acero quirúrgico. Medida Aprox. 2cm. Colección Corazones. Código TP-009.",https://karivejoyas.github.io/catalogo/p/TP-009.html,https://karivejoyas.github.io/catalogo/assets/productos/TP-009.jpg,in_stock,3990 CLP,,new,Karivé Joyas,TP-009,no,Apparel & Accessories > Jewelry > Earrings,Joyería > Aros > Corazones,,female,adult,Acero quirúrgico,Corazones
TP-010,Aros Corazón Celeste Glitter – Aros artesanales hechos a mano | Karivé Joyas,"Aros Corazón Celeste Glitter de Karivé Joyas. Aros artesanales hechos a mano en Chile, con base de acero quirúrgico. Medida Aprox. 2cm. Colección Corazones. Código TP-010.",https://karivejoyas.github.io/catalogo/p/TP-010.html,https://karivejoyas.github.io/catalogo/assets/productos/TP-010.jpg,in_stock,3990 CLP,,new,Karivé Joyas,TP-010,no,Apparel & Accessories > Jewelry > Earrings,Joyería > Aros > Corazones,Multicolor,female,adult,Acero quirúrgico,Corazones
TP-011,Aros Corazón Blanco Perla – Aros artesanales hechos a mano | Karivé Joyas,"Aros Corazón Blanco Perla de Karivé Joyas. Aros artesanales hechos a mano en Chile, con base de acero quirúrgico. Medida Aprox. 2cm. Colección Corazones. Código TP-011.",https://karivejoyas.github.io/catalogo/p/TP-011.html,https://karivejoyas.github.io/catalogo/assets/productos/TP-011.jpg,in_stock,3990 CLP,,new,Karivé Joyas,TP-011,no,Apparel & Accessories > Jewelry > Earrings,Joyería > Aros > Corazones,Blanco,female,adult,Acero quirúrgico,Corazones
TP-012,Aros Corazón Negro – Aros artesanales hechos a mano | Karivé Joyas,"Aros Corazón Negro de Karivé Joyas. Aros artesanales hechos a mano en Chile, con base de acero quirúrgico. Medida Aprox. 2cm. Colección Corazones. Código TP-012.",https://karivejoyas.github.io/catalogo/p/TP-012.html,https://karivejoyas.github.io/catalogo/assets/productos/TP-012.jpg,in_stock,3990 CLP,,new,Karivé Joyas,TP-012,no,Apparel & Accessories > Jewelry > Earrings,Joyería > Aros > Corazones,Negro,female,adult,Acero quirúrgico,Corazones
TP-013,Aros Corazón Mármol Azul – Aros artesanales hechos a mano | Karivé Joyas,"Aros Corazón Mármol Azul de Karivé Joyas. Aros artesanales hechos a mano en Chile, con base de acero quirúrgico. Medida Aprox. 2.5cm. Colección Corazones. Código TP-013.",https://karivejoyas.github.io/catalogo/p/TP-013.html,https://karivejoyas.github.io/catalogo/assets/productos/TP-013.jpg,in_stock,5990 CLP,,new,Karivé Joyas,TP-013,no,Apparel & Accessories > Jewelry > Earrings,Joyería > Aros > Corazones,Azul,female,adult,Acero quirúrgico,Corazones
TP-014,Aros Corazón Celeste Glitter – Aros artesanales hechos a mano | Karivé Joyas,"Aros Corazón Celeste Glitter de Karivé Joyas. Aros artesanales hechos a mano en Chile, con base de acero quirúrgico. Medida Aprox. 2.5cm. Colección Corazones. Código TP-014.",https://karivejoyas.github.io/catalogo/p/TP-014.html,https://karivejoyas.github.io/catalogo/assets/productos/TP-014.jpg,in_stock,5990 CLP,,new,Karivé Joyas,TP-014,no,Apparel & Accessories > Jewelry > Earrings,Joyería > Aros > Corazones,Multicolor,female,adult,Acero quirúrgico,Corazones
TP-015,Aros Corazón Animal Print – Aros artesanales hechos a mano | Karivé Joyas,"Aros Corazón Animal Print de Karivé Joyas. Aros artesanales hechos a mano en Chile, con base de acero quirúrgico. Medida Aprox. 2.5cm. Colección Corazones. Código TP-015.",https://karivejoyas.github.io/catalogo/p/TP-015.html,https://karivejoyas.github.io/catalogo/assets/productos/TP-015.jpg,in_stock,5990 CLP,,new,Karivé Joyas,TP-015,no,Apparel & Accessories > Jewelry > Earrings,Joyería > Aros > Corazones,,female,adult,Acero quirúrgico,Corazones
TP-016,Aros Corazón Blanco Perla – Aros artesanales hechos a mano | Karivé Joyas,"Aros Corazón Blanco Perla de Karivé Joyas. Aros artesanales hechos a mano en Chile, con base de acero quirúrgico. Medida Aprox. 2.5cm. Colección Corazones. Código TP-016.",https://karivejoyas.github.io/catalogo/p/TP-016.html,https://karivejoyas.github.io/catalogo/assets/productos/TP-016.jpg,in_stock,5990 CLP,,new,Karivé Joyas,TP-016,no,Apparel & Accessories > Jewelry > Earrings,Joyería > Aros > Corazones,Blanco,female,adult,Acero quirúrgico,Corazones
TP-017,Aros Corazón Verde Lima – Aros artesanales hechos a mano | Karivé Joyas,"Aros Corazón Verde Lima de Karivé Joyas. Aros artesanales hechos a mano en Chile, con base de acero quirúrgico. Medida Aprox. 2.5cm. Colección Corazones. Código TP-017.",https://karivejoyas.github.io/catalogo/p/TP-017.html,https://karivejoyas.github.io/catalogo/assets/productos/TP-017.jpg,in_stock,5990 CLP,,new,Karivé Joyas,TP-017,no,Apparel & Accessories > Jewelry > Earrings,Joyería > Aros > Corazones,Verde,female,adult,Acero quirúrgico,Corazones
TP-018,Aros Corazón Negro – Aros artesanales hechos a mano | Karivé Joyas,"Aros Corazón Negro de Karivé Joyas. Aros artesanales hechos a mano en Chile, con base de acero quirúrgico. Medida Aprox. 2.5cm. Colección Corazones. Código TP-018.",https://karivejoyas.github.io/catalogo/p/TP-018.html,https://karivejoyas.github.io/catalogo/assets/productos/TP-018.jpg,in_stock,5990 CLP,,new,Karivé Joyas,TP-018,no,Apparel & Accessories > Jewelry > Earrings,Joyería > Aros > Corazones,Negro,female,adult,Acero quirúrgico,Corazones
TP-019,Aros Tres Corazones Rosa Brillante – Aros artesanales hechos a mano | Karivé Joyas,"Aros Tres Corazones Rosa Brillante de Karivé Joyas. Aros artesanales hechos a mano en Chile, con base de acero quirúrgico. Medida Aprox. 5cm. Colección Corazones. Código TP-019.",https://karivejoyas.github.io/catalogo/p/TP-019.html,https://karivejoyas.github.io/catalogo/assets/productos/TP-019.jpg,in_stock,7990 CLP,,new,Karivé Joyas,TP-019,no,Apparel & Accessories > Jewelry > Earrings,Joyería > Aros > Corazones,Rosa,female,adult,Acero quirúrgico,Corazones
TP-020,Aros Corazones Rosa Brillante – Aros artesanales hechos a mano | Karivé Joyas,"Aros Corazones Rosa Brillante de Karivé Joyas. Aros artesanales hechos a mano en Chile, con base de acero quirúrgico. Medida Aprox. 5cm(Con Argolla). Colección Corazones. Código TP-020.",https://karivejoyas.github.io/catalogo/p/TP-020.html,https://karivejoyas.github.io/catalogo/assets/productos/TP-020.jpg,in_stock,6990 CLP,,new,Karivé Joyas,TP-020,no,Apparel & Accessories > Jewelry > Earrings,Joyería > Aros > Corazones,Rosa,female,adult,Acero quirúrgico,Corazones
